-- phpMyAdmin SQL Dump
-- version 5.1.0
-- https://www.phpmyadmin.net/
--
-- Host: 127.0.0.1
-- Generation Time: Oct 08, 2021 at 08:48 AM
-- Server version: 10.4.19-MariaDB
-- PHP Version: 7.3.28

SET SQL_MODE = "NO_AUTO_VALUE_ON_ZERO";
START TRANSACTION;
SET time_zone = "+00:00";


/*!40101 SET @OLD_CHARACTER_SET_CLIENT=@@CHARACTER_SET_CLIENT */;
/*!40101 SET @OLD_CHARACTER_SET_RESULTS=@@CHARACTER_SET_RESULTS */;
/*!40101 SET @OLD_COLLATION_CONNECTION=@@COLLATION_CONNECTION */;
/*!40101 SET NAMES utf8mb4 */;

--
-- Database: `project`
--

-- --------------------------------------------------------

--
-- Table structure for table `categories`
--

CREATE TABLE `categories` (
  `id` int(11) NOT NULL,
  `parent_id` int(11) NOT NULL,
  `name` varchar(500) NOT NULL,
  `displayhomepage` int(11) NOT NULL
) ENGINE=InnoDB DEFAULT CHARSET=utf8mb4;

--
-- Dumping data for table `categories`
--

INSERT INTO `categories` (`id`, `parent_id`, `name`, `displayhomepage`) VALUES
(20, 0, 'Rolex', 0),
(21, 0, 'Omega', 0),
(22, 0, 'Casio', 0),
(23, 0, 'Longines', 0),
(24, 20, 'COSMOGRAPH DAYTONA', 0),
(25, 22, 'EXPLORER', 0),
(26, 23, 'MILGAUSS', 0);

-- --------------------------------------------------------

--
-- Table structure for table `customers`
--

CREATE TABLE `customers` (
  `id` int(11) NOT NULL,
  `name` varchar(500) NOT NULL,
  `email` varchar(500) NOT NULL,
  `address` varchar(500) NOT NULL,
  `phone` varchar(500) NOT NULL,
  `password` varchar(500) NOT NULL
) ENGINE=InnoDB DEFAULT CHARSET=utf8;

--
-- Dumping data for table `customers`
--

INSERT INTO `customers` (`id`, `name`, `email`, `address`, `phone`, `password`) VALUES
(2, 'Lãnh Thị Hằng', 'lth@gmail.com', 'Lục Ngạn', '0382524296', '202cb962ac59075b964b07152d234b70'),
(3, 'Phạm Thị Hòa', 'pth@gmail.com', 'Bắc Giang', '0365073198', '202cb962ac59075b964b07152d234b70'),
(4, 'Trần Trung Hiếu', 'hieunadal2411@gmail.com', 'Thị trấn vĩnh trụ huyện lý nhân tỉnh hà nam', '0382524296', '202cb962ac59075b964b07152d234b70');

-- --------------------------------------------------------

--
-- Table structure for table `fields`
--

CREATE TABLE `fields` (
  `id` int(11) NOT NULL,
  `field_id` int(11) NOT NULL,
  `name` varchar(500) NOT NULL,
  `displayhomepage` int(11) NOT NULL
) ENGINE=InnoDB DEFAULT CHARSET=utf8mb4;

--
-- Dumping data for table `fields`
--

INSERT INTO `fields` (`id`, `field_id`, `name`, `displayhomepage`) VALUES
(1, 0, 'SẢN PHẨM HOT', 0),
(2, 0, 'SALE', 0),
(3, 0, 'ĐỒNG HỒ NỮ', 0),
(4, 0, 'ĐỒNG HỒ NAM', 0);

-- --------------------------------------------------------

--
-- Table structure for table `news`
--

CREATE TABLE `news` (
  `id` int(11) NOT NULL,
  `name` varchar(500) NOT NULL,
  `description` varchar(4000) NOT NULL,
  `content` text NOT NULL,
  `hot` int(11) NOT NULL DEFAULT 0,
  `photo` varchar(500) NOT NULL
) ENGINE=InnoDB DEFAULT CHARSET=utf8;

--
-- Dumping data for table `news`
--

INSERT INTO `news` (`id`, `name`, `description`, `content`, `hot`, `photo`) VALUES
(6, 'Một mình bạn cũng có thể đẩy xe khi có sự cố: Đây là cách làm hiệu quả nhất', '<p>Khi di chuyển bằng &ocirc; t&ocirc;, &iacute;t nhiều sẽ c&oacute; trường hợp bạn gặp phải c&aacute;c t&igrave;nh huống rắc rối, thậm ch&iacute; nguy cấp. Đ&oacute; l&agrave; l&yacute; do v&igrave; sao bạn n&ecirc;n trang bị những kiến thức v&agrave; phụ kiện cứu hộ cần thiết. Video dưới đ&acirc;y l&agrave; một mẹo nhỏ sẽ gi&uacute;p bạn trong một v&agrave;i trường hợp khẩn cấp khi sử dụng xe &ocirc; t&ocirc; con.</p>\r\n', '<p>Chiếc xe đầu ti&ecirc;n bị ch&aacute;y v&agrave;o th&aacute;ng 9-2018, nhưng do t&igrave;nh trạng huỷ hoại nặng của xe n&ecirc;n h&atilde;ng kh&ocirc;ng thể t&igrave;m ra manh m&ocirc;i n&agrave;o.</p>\r\n\r\n<p>T&igrave;nh trạng n&agrave;y diễn ra li&ecirc;n tục sau đ&oacute; nhưng việc t&igrave;m kiếm mọi đầu mối nguy&ecirc;n nh&acirc;n vẫn thất bại. Đến đầu năm 2020, Hyundai buộc phải thu&ecirc; b&ecirc;n thứ 3 để t&igrave;m lỗi v&agrave; cuối c&ugrave;ng nguy&ecirc;n nh&acirc;n được x&aacute;c định do chập điện.</p>\r\n\r\n<p>Theo đ&oacute;, dầu phanh ABS bị r&ograve; rỉ, rớt v&agrave;o bộ điều khiển điện tử ECU, dẫn đến ăn m&ograve;n bảng mạch in của ECU g&acirc;y chập điện.</p>\r\n\r\n<p>Dầu thuỷ lực cũng chảy tr&agrave;n l&ecirc;n vỏ động cơ, n&ecirc;n Hyundai đưa ra cảnh b&aacute;o chủ xe Santa Fe n&ecirc;n để &yacute; đến m&ugrave;i kh&eacute;t, kh&oacute;i từ động cơ bốc ra, v&agrave; kết hợp c&aacute;c cảnh b&aacute;o đ&egrave;n trong xe để nhanh ch&oacute;ng đưa xe đến đại l&yacute; sửa chữa.</p>\r\n\r\n<p>Bắt đầu v&agrave;o cuối th&aacute;ng 10 đến, Hyundai y&ecirc;u cầu c&aacute;c xe Santa Fe đời 2013-2015 đến c&aacute;c đại l&yacute; để thay thế cụm thắng ABS bị lỗi.</p>\r\n\r\n<p><strong>Theo Phương Minh (Ph&aacute;p Luật TPHCM)</strong></p>\r\n', 1, '1630617073_anh4.jpg'),
(7, 'Siêu xe McLaren 720S màu tím độc nhất Việt Nam được nâng cấp gói độ Novitec N-Largo phiên bản giới hạn.', '<p>Tại Việt Nam, McLaren 720S l&agrave; một trong những d&ograve;ng si&ecirc;u xe phổ biến nhất với số lượng hơn 10 chiếc, cả bản Coupe v&agrave; Spider. Đặc biệt nhất l&agrave; chiếc 720S Coupe của đại gia Vũng T&agrave;u với m&agrave;u t&iacute;m Lantana Purple độc nhất Việt Nam.</p>\r\n', '<p><img alt=\"McLaren 720S với gói độ độc nhất Việt Nam - 1\" src=\"https://img.docbao.vn/images/uploads/2020/09/07/the-gioi/mclaren-720s-1.jpg\" title=\"McLaren 720S với gói độ độc nhất Việt Nam - 1\" /></p>\r\n\r\n<p>Vẫn chưa h&agrave;i l&ograve;ng với m&agrave;u sơn đặc biệt, đại gia n&agrave;y đ&atilde; chi khoản tiền khủng để lột x&aacute;c ho&agrave;n to&agrave;n chiếc si&ecirc;u xe. Cụ thể, chiếc 720S được n&acirc;ng cấp g&oacute;i độ N-Largo của Novitec.</p>\r\n\r\n<p><img alt=\"McLaren 720S với gói độ độc nhất Việt Nam - 2\" src=\"https://img.docbao.vn/images/uploads/2020/09/07/the-gioi/mclaren-720s-2.jpg\" title=\"McLaren 720S với gói độ độc nhất Việt Nam - 2\" /></p>\r\n\r\n<p>Nếu c&aacute;c g&oacute;i độ kh&aacute;c chỉ lắp đặt v&agrave;i chi tiết tăng t&iacute;nh kh&iacute; động học th&igrave; g&oacute;i độ N-Largo thay đổi gần như to&agrave;n bộ ngoại thất xe. Phần th&acirc;n vỏ mới được l&agrave;m bằng carbon, vừa tăng t&iacute;nh thẩm mỹ vừa giảm khối lượng cho xe.</p>\r\n\r\n<p><img alt=\"McLaren 720S với gói độ độc nhất Việt Nam - 3\" src=\"https://img.docbao.vn/images/uploads/2020/09/07/the-gioi/mclaren-720s-3.jpg\" title=\"McLaren 720S với gói độ độc nhất Việt Nam - 3\" /></p>\r\n\r\n<p>Sau khi n&acirc;ng cấp bodykit mới, chiều rộng th&acirc;n xe tăng đ&ocirc;i ch&uacute;t. Cụ thể, v&ograve;m b&aacute;nh trước rộng hơn 60 mm v&agrave; v&ograve;m b&aacute;nh sau rộng hơn 130 mm. Sự thay đổi n&agrave;y vừa tăng vẻ hầm hố cho xe, vừa cung cấp th&ecirc;m kh&ocirc;ng gian để bổ sung c&aacute;c chi tiết kh&iacute; động học.</p>\r\n\r\n<p><img alt=\"McLaren 720S với gói độ độc nhất Việt Nam - 4\" src=\"https://img.docbao.vn/images/uploads/2020/09/07/the-gioi/mclaren-720s-4.jpg\" title=\"McLaren 720S với gói độ độc nhất Việt Nam - 4\" /></p>\r\n\r\n<p>Do si&ecirc;u xe mang m&agrave;u Lantana Purple độc quyền của bộ phận MSO, chủ nh&acirc;n phải đặt h&agrave;ng m&agrave;u sơn n&agrave;y từ McLaren để phủ l&ecirc;n bodykit mới. D&ugrave; kh&ocirc;ng tiết lộ, mức gi&aacute; cho những hộp sơn từ bộ phận MSO kh&aacute; đắt đỏ.</p>\r\n\r\n<p><img alt=\"McLaren 720S với gói độ độc nhất Việt Nam - 5\" src=\"https://img.docbao.vn/images/uploads/2020/09/07/the-gioi/mclaren-720s-5.jpg\" title=\"McLaren 720S với gói độ độc nhất Việt Nam - 5\" /></p>\r\n\r\n<p>Điểm thay đổi nhiều nhất l&agrave; nửa th&acirc;n trước của xe. Nhờ bộ kit mới, phần đầu xe trở n&ecirc;n hầm hố hơn với cảm hứng từ đ&agrave;n anh Senna. V&ograve;m b&aacute;nh xe được bổ sung khe gi&oacute; kh&iacute; động học mới.</p>\r\n\r\n<p><img alt=\"McLaren 720S với gói độ độc nhất Việt Nam - 6\" src=\"https://img.docbao.vn/images/uploads/2020/09/07/the-gioi/mclaren-720s-6.jpg\" title=\"McLaren 720S với gói độ độc nhất Việt Nam - 6\" /></p>\r\n\r\n<p>Bộ m&acirc;m nguy&ecirc;n bản được thay bằng la-zăng đa chấu của Vossen với k&iacute;ch thước 20 inch ở ph&iacute;a trước v&agrave; 21 inch ở ph&iacute;a sau.</p>\r\n\r\n<p><img alt=\"McLaren 720S với gói độ độc nhất Việt Nam - 7\" src=\"https://img.docbao.vn/images/uploads/2020/09/07/the-gioi/mclaren-720s-7.jpg\" title=\"McLaren 720S với gói độ độc nhất Việt Nam - 7\" /></p>\r\n\r\n<p>Để tạo điểm nhấn cho ngoại thất, một số chi tiết được phủ m&agrave;u v&agrave;ng như viền cản trước/sau, viền ốp h&ocirc;ng, khe gi&oacute; tr&ecirc;n v&ograve;m b&aacute;nh trước, kh&oacute;a t&acirc;m b&aacute;nh xe v&agrave; kẹp phanh.</p>\r\n\r\n<p><img alt=\"McLaren 720S với gói độ độc nhất Việt Nam - 8\" src=\"https://img.docbao.vn/images/uploads/2020/09/07/the-gioi/mclaren-720s-8.jpg\" title=\"McLaren 720S với gói độ độc nhất Việt Nam - 8\" /></p>\r\n\r\n<p>Ở ph&iacute;a sau, xe được trang bị c&aacute;nh gi&oacute; mới l&agrave;m bằng carbon. Hệ thống ống xả cũng được n&acirc;ng cấp l&ecirc;n thương hiệu FI Exhaust. Hệ thống ống xả n&agrave;y thuộc d&ograve;ng Signature Titanium, được l&agrave;m từ titanium m&agrave;u v&agrave;ng v&agrave; phần chụp ống xả bằng carbon.</p>\r\n\r\n<p><img alt=\"McLaren 720S với gói độ độc nhất Việt Nam - 9\" src=\"https://img.docbao.vn/images/uploads/2020/09/07/the-gioi/mclaren-720s-9.jpg\" title=\"McLaren 720S với gói độ độc nhất Việt Nam - 9\" /></p>\r\n\r\n<p>Đ&aacute;ng tiếc l&agrave; si&ecirc;u xe n&agrave;y kh&ocirc;ng được n&acirc;ng cấp động cơ. Cung cấp sức mạnh cho 720S vẫn l&agrave; động cơ tăng &aacute;p k&eacute;p V8 4.0L cho c&ocirc;ng suất tối đa 720 m&atilde; lực v&agrave; m&ocirc;-men xoắn 770 Nm. Nhờ sức mạnh n&agrave;y, 720S c&oacute; thể tăng tốc 0-100 km/h chỉ trong 2,9 gi&acirc;y. Nếu được n&acirc;ng cấp hiệu suất theo cấu h&igrave;nh N-Largo, 720S sẽ cho ra c&ocirc;ng suất hơn 800 m&atilde; lực.</p>\r\n\r\n<p><img alt=\"McLaren 720S với gói độ độc nhất Việt Nam - 10\" src=\"https://img.docbao.vn/images/uploads/2020/09/07/the-gioi/mclaren-720s-10.jpg\" title=\"McLaren 720S với gói độ độc nhất Việt Nam - 10\" /></p>\r\n\r\n<p>Qu&aacute; tr&igrave;nh n&acirc;ng cấp g&oacute;i độ N-Largo cho 720S được thực hiện trong khoảng 1 th&aacute;ng với chi ph&iacute; kh&ocirc;ng được tiết lộ. Novitec chỉ sản xuất 15 bộ bodykit N-Largo cho McLaren 720S. Với độ đặc biệt n&agrave;y, chi ph&iacute; cho g&oacute;i độ N-Largo kh&ocirc;ng thấp hơn con số 1 tỷ đồng.</p>\r\n', 1, '1629709900_anh6.jpg'),
(8, 'Kia Seltos ồ ạt về đại lý, rục rịch tăng giá, vừa chốt ngày giao đã có phiên bản ‘cháy hàng’', '<p>Mặc d&ugrave; Kia Seltos đ&atilde; ra mắt c&aacute;ch đ&acirc;y hơn 1 th&aacute;ng nhưng đến nay, trang chủ fanpage Kia Motors Việt Nam mới c&ocirc;ng bố &quot;ch&iacute;nh thức ra mắt v&agrave; tiến h&agrave;nh b&agrave;n giao xe&quot; từ ng&agrave;y 9/9 tới đ&acirc;y. Nhiều khả năng, đ&acirc;y l&agrave; sự kiện ra mắt xe tổ chức tại đại l&yacute; d&agrave;nh ri&ecirc;ng cho kh&aacute;ch h&agrave;ng, đồng thời l&agrave; sự kiện b&agrave;n giao xe cho những kh&aacute;ch h&agrave;ng đặt đầu ti&ecirc;n.</p>\r\n', '<p>Hiện tại, những chiếc Kia Seltos xuất xưởng đầu ti&ecirc;n đ&atilde; được đưa về đại l&yacute; tr&ecirc;n to&agrave;n quốc. Hầu hết xe thuộc c&aacute;c bản 1.4 Premium v&agrave; 1.4 Luxury. Trong đợt n&agrave;y, những kh&aacute;ch đặt mua bản 1.4 Deluxe v&agrave; 1.6 Premium sẽ chưa c&oacute; xe m&agrave; c&oacute; thể phải đợi sang th&aacute;ng 10. Trong thời gian gần đ&acirc;y, kh&aacute;ch h&agrave;ng cũng kh&ocirc;ng thể đặt cọc được bản 1.6 Premium nữa. Phi&ecirc;n bản n&agrave;y được cho l&agrave; thiếu nguồn cung v&agrave; chưa hẹn ng&agrave;y trở lại.</p>\r\n\r\n<p><iframe scrolling=\"no\"></iframe>X</p>\r\n\r\n<p>Những kh&aacute;ch h&agrave;ng đặt xe đợt đầu sẽ được hưởng mức gi&aacute; ưu đ&atilde;i, với c&aacute;c bản 1.4 Deluxe, 1.4 Luxury, 1.6 Premium v&agrave; 1.4 Premium c&oacute; gi&aacute; lần lượt l&agrave; 589 triệu, 649 triệu, 699 triệu v&agrave; 719 triệu đồng. Theo th&ocirc;ng tin từ đại l&yacute;, kể từ sau ng&agrave;y 9/9, gi&aacute; xe c&oacute; thể sẽ tăng tới cả chục triệu đồng. THACO cũng cho biết mức gi&aacute; c&ocirc;ng bố ban đầu l&agrave; gi&aacute; ưu đ&atilde;i.</p>\r\n\r\n<p><img alt=\"Kia Seltos ồ ạt về đại lý, rục rịch tăng giá, vừa chốt ngày giao đã có phiên bản ‘cháy hàng’ - 1\" src=\"https://img.docbao.vn/images/uploads/2020/09/07/kia-seltos-dl-1-1599381020699842033670-crop-15993811032441209604726.jpg\" title=\"Kia Seltos ồ ạt về đại lý, rục rịch tăng giá, vừa chốt ngày giao đã có phiên bản ‘cháy hàng’ - 1\" /></p>\r\n\r\n<p><img alt=\"Kia Seltos ồ ạt về đại lý, rục rịch tăng giá, vừa chốt ngày giao đã có phiên bản ‘cháy hàng’ - 2\" src=\"https://img.docbao.vn/images/uploads/2020/09/07/kia-seltos-dl-2-15993810207161319403356-crop-1599381125936644499717.jpg\" title=\"Kia Seltos ồ ạt về đại lý, rục rịch tăng giá, vừa chốt ngày giao đã có phiên bản ‘cháy hàng’ - 2\" /></p>\r\n\r\n<p>Kia Seltos l&agrave; một trong những mẫu SUV hạng B mới nhất tr&ecirc;n thị trường v&agrave; cũng l&agrave; mẫu xe ho&agrave;n to&agrave;n mới m&agrave; Kia mang tới Việt Nam. Xe nổi bật với một số trang bị như thiết kế hiện đại, đ&egrave;n chiếu s&aacute;ng LED ho&agrave;n to&agrave;n, như ghế chỉnh điện 10 hướng, l&agrave;m m&aacute;t ghế, đồng hồ t&iacute;ch hợp m&agrave;n h&igrave;nh 7 inch, m&agrave;n h&igrave;nh 10,25 inch hỗ trợ Apple CarPlay/Android Auto, đ&egrave;n nội thất 8 m&agrave;u chỉnh theo điệu nhạc...</p>\r\n\r\n<p>C&oacute; 2 tuỳ chọn động cơ tr&ecirc;n Kia Seltos. M&aacute;y 1,4 l&iacute;t tăng &aacute;p c&oacute; mặt tr&ecirc;n 3 phi&ecirc;n bản, cho c&ocirc;ng suất 138 m&atilde; lực v&agrave; m&ocirc;-men xoắn 242 Nm, kết hợp số 7 cấp ly hợp k&eacute;p. M&aacute;y 1,6 l&iacute;t h&uacute;t kh&iacute; tự nhi&ecirc;n cho c&ocirc;ng suất 121 m&atilde; lực v&agrave; m&ocirc;-men xoắn 151 Nm, kết hợp số tự động 6 cấp. Xe c&oacute; c&aacute;c t&iacute;nh năng an to&agrave;n cơ bản đầy đủ như hỗ trợ phanh (ABS, EBD, BA), c&acirc;n bằng điện tử, hỗ trợ khởi h&agrave;nh ngang dốc v&agrave; kiểm so&aacute;t lực k&eacute;o 3 chế độ...</p>\r\n\r\n<p>Theo dự kiến, từ th&aacute;ng 10 trở đi, Kia Seltos sẽ về th&ecirc;m c&aacute;c phi&ecirc;n bản c&ograve;n lại để giao kh&aacute;ch h&agrave;ng tại đại l&yacute;. Mẫu xe n&agrave;y từ nay đến cuối năm được hưởng ưu đ&atilde;i 50% lệ ph&iacute; trước bạ bởi l&agrave; xe lắp r&aacute;p trong nước.</p>\r\n\r\n<p><strong>Theo Đức Kh&ocirc;i (Ph&aacute;p luật &amp; Bạn đọc)</strong></p>\r\n', 1, '1629709886_anh5.jpg'),
(9, 'Những mẫu xe tầm giá 600 triệu phù hợp chạy dịch vụ', '<p>Trong một vài năm qua, việc mua ôtô chạy dịch vụ trở nên phổ biến ở Việt Nam nhờ sự phát triển của các hình thức gọi xe công nghệ. Bên cạnh xe đô thị tầm giá 400 triệu đồng, ôtô 600 triệu đồng cũng là phân khúc được nhiều người dùng chọn lựa để đầu tư, với các điểm cộng về không gian rộng rãi, trang bị và an toàn.</p>\r\n', '<p>Ba c&aacute;i t&ecirc;n đ&aacute;ng ch&uacute; &yacute; đại diện cho nh&oacute;m xe dịch vụ tầm 600 triệu đồng hiện nay c&oacute; thể kể đến Toyota Vios, Kia Cerato v&agrave; Suzuki Ertiga.</p>\r\n\r\n<p><strong>Toyota Vios - 470-570 triệu đồng</strong></p>\r\n\r\n<p>Từ l&acirc;u, Toyota Vios lu&ocirc;n l&agrave; c&aacute;i t&ecirc;n được nhắc đến đầu khi c&acirc;n nhắc mua xe hạng B. Kh&ocirc;ng chỉ c&oacute; chi ph&iacute; sử dụng hợp l&yacute; v&agrave; thuận tiện trong việc bảo tr&igrave; bảo dưỡng, Vios c&ograve;n mang thương hiệu Toyota với t&iacute;nh thanh khoản cao. C&aacute;c yếu tố n&agrave;y gi&uacute;p người d&ugrave;ng Vios tối ưu được hiệu quả đầu tư.</p>\r\n\r\n<p>Đầu năm nay, Toyota Việt Nam ra mắt c&aacute;c phi&ecirc;n bản n&acirc;ng cấp 2020 của Vios trước sức &eacute;p cạnh tranh doanh số từ 2 mẫu xe H&agrave;n Quốc l&agrave; Hyundai Accent (426-542 triệu đồng) v&agrave; Kia Soluto (369-469 triệu đồng).</p>\r\n\r\n<p>H&atilde;ng xe Nhật Bản bổ sung trang bị cho c&aacute;c model mới, đồng thời cung cấp th&ecirc;m t&ugrave;y chọn 3 t&uacute;i kh&iacute; hoặc 7 t&uacute;i kh&iacute; cho bản E MT v&agrave; E CVT. Điều n&agrave;y nhằm giảm mức gi&aacute; khởi điểm 20 triệu đồng v&agrave; tiếp cận th&ecirc;m nh&oacute;m kh&aacute;ch h&agrave;ng mua xe chạy dịch vụ. Cụ thể, 5 biến thể Toyota Vios hiện c&oacute; gi&aacute; đề xuất dao động từ 470 đến 570 triệu đồng.</p>\r\n\r\n<p>Những t&iacute;nh năng mới gi&uacute;p Vios bớt phần thua thiệt so với Hyundai Accent hay Honda City (559-599 triệu đồng) về mặt trang bị, gồm c&oacute; hệ thống giải tr&iacute; hỗ trợ kết nối Apple CarPlay/Android Auto, ga tự động, camera l&ugrave;i v&agrave; cảm biến l&ugrave;i. Tuy vậy, thiết kế nội ngoại thất trung t&iacute;nh của Toyota Vios được giữ nguy&ecirc;n. Ưu điểm của Vios l&agrave; kh&ocirc;ng gian cabin rộng r&atilde;i v&agrave; thoải m&aacute;i cho h&agrave;nh kh&aacute;ch.</p>\r\n\r\n<p><img alt=\"Những mẫu xe tầm giá 600 triệu phù hợp chạy dịch vụ\" src=\"https://img.docbao.vn/images/uploads/2020/09/07/the-gioi/xe-dich-vu.jpg\" title=\"Những mẫu xe tầm giá 600 triệu phù hợp chạy dịch vụ\" /></p>\r\n\r\n<p>Toyota Vios vẫn trang bị động cơ xăng I4 1.5L c&oacute; van biến thi&ecirc;n Dual i-VVT, c&ocirc;ng suất đạt 107 m&atilde; lực c&ugrave;ng m&ocirc;-men xoắn 140 Nm. Đi k&egrave;m với đ&oacute; l&agrave; t&ugrave;y chọn hộp số v&ocirc; cấp CVT hoặc hộp số s&agrave;n 5 cấp. Mức ti&ecirc;u thụ nhi&ecirc;n liệu ở điều kiện kết hợp theo nh&agrave; sản xuất c&ocirc;ng bố tương ứng l&agrave; 5,7-5,8 l&iacute;t/100 km.</p>\r\n\r\n<p><iframe scrolling=\"no\"></iframe>X</p>\r\n\r\n<p>T&iacute;nh từ đầu năm đến nay, Toyota Vios vẫn l&agrave; d&ograve;ng xe b&aacute;n tốt nhất tại thị trường Việt Nam. Tổng cộng đ&atilde; c&oacute; hơn 14.055 model Vios được b&aacute;n ra đến hết th&aacute;ng 7, doanh số trung b&igrave;nh 2.000 xe mỗi th&aacute;ng. Trong khi đ&oacute;, doanh số của Accent, City c&ugrave;ng Soluto l&agrave; 9.568, 4.915 v&agrave; 3.606 chiếc.</p>\r\n\r\n<p><strong>Kia Cerato - 529-665 triệu đồng</strong></p>\r\n\r\n<p>Với mức gi&aacute; khởi điểm tương đương một v&agrave;i mẫu xe hạng B, Kia Cerato trội hơn về kh&ocirc;ng gian cũng như c&oacute; khung gầm vững chắc hơn. Ngo&agrave;i ra, t&iacute;nh năng trang bị ở mức kh&aacute; tốt để phục vụ h&agrave;nh kh&aacute;ch gi&uacute;p mẫu sedan H&agrave;n Quốc được chọn lựa để sử dụng l&agrave;m xe dịch vụ.</p>\r\n\r\n<p>Trong c&ugrave;ng nh&oacute;m xe hạng C, Cerato c&oacute; lợi thế về gi&aacute; b&aacute;n cạnh tranh hơn Mazda3 sedan (669-869 triệu đồng), Hyundai Elantra (580-769 triệu đồng), Honda Civic (729-934 triệu đồng) v&agrave; Toyota Corolla Altis (733-763 triệu đồng).</p>\r\n\r\n<p><img alt=\"Những mẫu xe tầm giá 600 triệu phù hợp chạy dịch vụ - 1\" src=\"https://img.docbao.vn/images/uploads/2020/09/07/the-gioi/xe-dich-vu-1.jpg\" title=\"Những mẫu xe tầm giá 600 triệu phù hợp chạy dịch vụ - 1\" /></p>\r\n\r\n<p>Hiện tại, bản Cerato 1.6 MT ti&ecirc;u chuẩn c&oacute; gi&aacute; 529 triệu đồng, trong khi model 2.0 Premium cao cấp c&oacute; gi&aacute; 665 triệu đồng. B&ecirc;n cạnh đ&oacute;, Cerato c&oacute; thiết kế trẻ trung, c&aacute; t&iacute;nh ở cả ngoại thất lẫn khoang l&aacute;i.</p>\r\n\r\n<p>C&aacute;c trang bị đ&aacute;ng ch&uacute; &yacute; ở bản Cerato 2.0 AT Premium c&oacute; thể kể đến như m&agrave;n h&igrave;nh trung t&acirc;m 8 inch, dẫn đường tiếng Việt, sạc điện thoại kh&ocirc;ng d&acirc;y, cửa sổ trời, đ&egrave;n chiếu s&aacute;ng LED&hellip; Tuy nhi&ecirc;n, Kia Cerato ra mắt từ 2018 đến nay chưa c&oacute; đợt n&acirc;ng cấp n&agrave;o n&ecirc;n c&oacute; phần thua thiệt về mặt c&ocirc;ng nghệ an to&agrave;n so với c&aacute;c đối thủ.</p>\r\n\r\n<p><img alt=\"Những mẫu xe tầm giá 600 triệu phù hợp chạy dịch vụ - 2\" src=\"https://img.docbao.vn/images/uploads/2020/09/07/the-gioi/xe-dich-vu-2.jpg\" title=\"Những mẫu xe tầm giá 600 triệu phù hợp chạy dịch vụ - 2\" /></p>\r\n\r\n<p>Kia Cerato c&oacute; 2 t&ugrave;y chọn động cơ xăng, gồm động cơ Gamma 1.6L MPI (128 m&atilde; lực v&agrave; 157 Nm) v&agrave; động cơ Nu 2.0L MPI (159 m&atilde; lực v&agrave; 194 Nm). Đi c&ugrave;ng với đ&oacute; l&agrave; hộp số s&agrave;n 6 cấp ở bản ti&ecirc;u chuẩn v&agrave; hộp số tự động 6 cấp ở 3 phi&ecirc;n bản AT.</p>\r\n\r\n<p>T&iacute;nh đến cuối th&aacute;ng 7/2020, Kia Cerato đang l&agrave; c&aacute;i t&ecirc;n đứng đầu nh&oacute;m xe hạng C, xếp tr&ecirc;n một mẫu xe kh&aacute;c cũng được Thaco lắp r&aacute;p v&agrave; ph&acirc;n phối l&agrave; Mazda3. Cụ thể, Cerato b&aacute;n được 4.815 chiếc, nhỉnh hơn Mazda3 với 4.675 xe (382 chiếc hatchback v&agrave; 4.293 mẫu sedan). Xếp sau c&ograve;n c&oacute; Hyundai Elantra (2.141 chiếc), Honda Civic (1.464 chiếc) v&agrave; Toyota Corolla Altis (1.037 chiếc).</p>\r\n\r\n<p><strong>Suzuki Ertiga - 499-559 triệu đồng</strong></p>\r\n\r\n<p>Ởph&acirc;n kh&uacute;c MPV 7 chỗ cỡ nhỏ, Suzuki Ertiga l&agrave; c&aacute;i t&ecirc;n s&aacute;ng gi&aacute; cho mục đ&iacute;ch sử dụng l&agrave;m xe dịch vụ khi c&oacute; gi&aacute; b&aacute;n thấp hơn c&aacute;c đối thủ. Cụ thể, Suzuki hiện b&aacute;n 3 model l&agrave; Ertiga GL, Limited v&agrave; Sport, với mức gi&aacute; lần lượt 499, 555 v&agrave; 559 triệu đồng.</p>\r\n\r\n<p>Trong khi đ&oacute;, mức gi&aacute; của Toyota Avanza l&agrave; 544-612 triệu đồng, Kia Rondo c&oacute; gi&aacute; dao động 559-655 triệu đồng v&agrave; Mitsubishi Xpander được b&aacute;n với gi&aacute; đề xuất 555-630 triệu đồng.</p>\r\n\r\n<p><img alt=\"Những mẫu xe tầm giá 600 triệu phù hợp chạy dịch vụ - 3\" src=\"https://img.docbao.vn/images/uploads/2020/09/07/the-gioi/xe-dich-vu-3.jpg\" title=\"Những mẫu xe tầm giá 600 triệu phù hợp chạy dịch vụ - 3\" /></p>\r\n\r\n<p>So với mẫu xe đang b&aacute;n chạy nhất ph&acirc;n kh&uacute;c l&agrave; Mitsubishi Xpander, Ertiga c&oacute; thiết kế trung t&iacute;nh hơn. Trong khi đ&oacute;, t&iacute;nh đa dụng l&agrave; tương đương, với cabin thiết kế kiểu 5+2 c&oacute; thể đ&aacute;p được được nhiều nhu cầu di chuyển kh&aacute;c nhau.</p>\r\n\r\n<p>Ở đợt n&acirc;ng cấp th&aacute;ng 6/2020, Suzuki trang bị cho Ertiga 2 chức năng an to&agrave;n l&agrave; hệ thống c&acirc;n bằng điện tử v&agrave; hỗ trợ khởi h&agrave;nh ngang dốc. B&ecirc;n cạnh đ&oacute;, Ertiga 2020 c&oacute; cụm giải tr&iacute; nổi bật với m&agrave;n h&igrave;nh 10 inch lớn nhất ph&acirc;n kh&uacute;c v&agrave; hỗ trợ kết nối Apple CarPlay/Android Auto. Điểm hạn chế của Suzuki Ertiga l&agrave; vẫn chưa c&oacute; t&iacute;nh năng ga tự động v&agrave; ghế bọc da như Xpander.</p>\r\n\r\n<p><img alt=\"Những mẫu xe tầm giá 600 triệu phù hợp chạy dịch vụ - 4\" src=\"https://img.docbao.vn/images/uploads/2020/09/07/the-gioi/xe-dich-vu-4.jpg\" title=\"Những mẫu xe tầm giá 600 triệu phù hợp chạy dịch vụ - 4\" /></p>\r\n\r\n<p>Suzuki trang bị cho Ertiga động cơ xăng I4 dung t&iacute;ch 1.5L, c&ocirc;ng suất tối đa 103 m&atilde; lực v&agrave; m&ocirc;-men xoắn cực đại 138 Nm. Đi c&ugrave;ng với đ&oacute; l&agrave; hộp số tự động 4 cấp hoặc số s&agrave;n 5 cấp. So với c&aacute;c đối thủ, Ertiga c&oacute; mức ti&ecirc;u thụ nhi&ecirc;n liệu tốt hơn, đạt 5,95 l&iacute;t/100 km ở điều kiện hỗn hợp theo c&ocirc;ng bố của nh&agrave; sản xuất.</p>\r\n\r\n<p>Doanh số t&iacute;nh đến hết th&aacute;ng 7/2020 của Suzuki Ertiga l&agrave; 1.651 xe, &iacute;t hơn Mitsubishi Xpander với 7.493 chiếc. Xếp sau mẫu MPV của Suzuki l&agrave; Kia Rondo (640 chiếc) v&agrave; Toyota Avanza (185 chiếc).</p>\r\n\r\n<p><strong>Theo Ho&agrave;ng Phạm (Tri Thức Trực Tuyến)</strong></p>\r\n', 1, '1629709875_anh3.jpg');

-- --------------------------------------------------------

--
-- Table structure for table `orderdetails`
--

CREATE TABLE `orderdetails` (
  `id` int(11) NOT NULL,
  `order_id` int(11) NOT NULL,
  `product_id` int(11) NOT NULL,
  `quantity` int(11) NOT NULL,
  `price` float NOT NULL
) ENGINE=InnoDB DEFAULT CHARSET=utf8;

--
-- Dumping data for table `orderdetails`
--

INSERT INTO `orderdetails` (`id`, `order_id`, `product_id`, `quantity`, `price`) VALUES
(27, 10, 17, 2, 1700000),
(28, 10, 19, 2, 1600000),
(29, 11, 18, 6, 3300000),
(30, 12, 19, 3, 1600000),
(31, 13, 18, 5, 3300000),
(32, 14, 19, 5, 1600000),
(33, 15, 18, 1, 3300000),
(34, 15, 19, 3, 1600000),
(35, 16, 19, 1, 1600000),
(36, 17, 20, 1, 2300000),
(37, 19, 5, 1, 2700000),
(38, 21, 14, 4, 5200000),
(39, 21, 19, 1, 1600000);

-- --------------------------------------------------------

--
-- Table structure for table `orders`
--

CREATE TABLE `orders` (
  `id` int(11) NOT NULL,
  `customer_id` int(11) NOT NULL,
  `date` date NOT NULL,
  `price` float NOT NULL,
  `status` int(11) NOT NULL DEFAULT 0
) ENGINE=InnoDB DEFAULT CHARSET=utf8;

--
-- Dumping data for table `orders`
--

INSERT INTO `orders` (`id`, `customer_id`, `date`, `price`, `status`) VALUES
(10, 0, '2021-08-30', 6532000, 0),
(11, 0, '2021-09-01', 18810000, 0),
(12, 0, '2021-09-01', 4800000, 1),
(13, 1, '2021-09-03', 15675000, 0),
(14, 3, '2021-09-08', 8000000, 0),
(15, 2, '2021-09-08', 7935000, 1),
(16, 2, '2021-09-08', 1600000, 0),
(17, 2, '2021-09-08', 1840000, 0),
(18, 2, '2021-09-10', 0, 0),
(19, 1, '2021-09-26', 2565000, 1),
(20, 4, '2021-10-05', 0, 0),
(21, 2, '2021-10-06', 20320000, 0);

-- --------------------------------------------------------

--
-- Table structure for table `products`
--

CREATE TABLE `products` (
  `id` int(11) NOT NULL,
  `name` varchar(500) NOT NULL,
  `about` varchar(4000) NOT NULL,
  `content` text NOT NULL,
  `hot` int(11) NOT NULL DEFAULT 0,
  `photo` varchar(500) NOT NULL,
  `price` float NOT NULL,
  `discount` int(11) NOT NULL,
  `category_id` int(11) NOT NULL,
  `fields_id` int(11) DEFAULT NULL
) ENGINE=InnoDB DEFAULT CHARSET=utf8;

--
-- Dumping data for table `products`
--

INSERT INTO `products` (`id`, `name`, `about`, `content`, `hot`, `photo`, `price`, `discount`, `category_id`, `fields_id`) VALUES
(3, 'Guess CT81', '', '<h2><strong>TH&Ocirc;NG TIN CHI TIẾT VỀ CHIẾC ĐỒNG HỒ NAM DOXA D220SSV</strong></h2>\r\n\r\n<p>Tuy tr&igrave;nh l&agrave;ng từ kh&aacute; sớm, khoảng từ những năm 1889, thế nhưng c&aacute;i t&ecirc;n Doxa thực sự chỉ mới du nhập v&agrave;o Việt Nam trong thời gian gần đ&acirc;y, ch&iacute;nh v&igrave; thế m&agrave; kh&ocirc;ng tr&aacute;nh khỏi việc nhiều người chưa biết đến thương hiệu n&agrave;y.</p>\r\n\r\n<p>Theo đ&oacute;, Doxa l&agrave; một trong những h&atilde;ng sản xuất đồng hồ danh gi&aacute; v&agrave; ch&iacute;nh thống của Thụy Sỹ, c&oacute; lịch sử ph&aacute;t triển hơn 130 năm v&agrave; cũng l&agrave; c&aacute;i t&ecirc;n đi đầu trong việc sử dụng&nbsp;<a href=\"https://donghohaitrieu.com/tin-tuc/dong-ho/kim-cuong-la-gi-y-nghia-kim-cuong-trong-lam-an-phong-thuy.html\" rel=\"noopener noreferrer\" target=\"_blank\">kim cương</a>&nbsp;thật l&ecirc;n&nbsp;<a href=\"https://donghohaitrieu.com/dong-ho-deo-tay-chinh-hang\" rel=\"noopener noreferrer\" target=\"_blank\">đồng hồ đeo tay</a>.</p>\r\n\r\n<p>Những thiết kế của h&atilde;ng thường kh&ocirc;ng chạy theo xu hướng thời đại, mỗi sản phẩm đều mang đậm n&eacute;t đặc trưng ri&ecirc;ng của thương hiệu n&agrave;y. Đơn cử như phi&ecirc;n bản đồng hồ Doxa nam với số hiệu Doxa D220SSV dưới đ&acirc;y.</p>\r\n\r\n<p>&nbsp;</p>\r\n\r\n<p><img alt=\"Triển lãm đồng hồ lớn nhất thế giới Baselworld mất dần sức hấp dẫn | VTV.VN\" src=\"https://vtv1.mediacdn.vn/thumb_w/650/2018/3/23/dongho230318-15217821803561915207800.jpg\" /></p>\r\n\r\n<p>Nhấn để ph&oacute;ng to ảnh</p>\r\n\r\n<h3><strong>1. THIẾT KẾ MẶT SỐ ĐỒNG HỒ</strong></h3>\r\n\r\n<p>Thoạt nh&igrave;n, tưởng chừng như cỗ m&aacute;y thời gian n&agrave;y c&oacute; thiết kế đơn giản. Tuy nhi&ecirc;n, nếu quan s&aacute;t kỹ, bạn sẽ nhận ra rằng mỗi một chi tiết đều l&agrave; kh&acirc;u chế t&aacute;c v&ocirc; c&ugrave;ng kỳ c&ocirc;ng v&agrave; tỉ mỉ, cụ thể:</p>\r\n\r\n<p><strong><em>▶&nbsp;14 vi&ecirc;n kim cương gi&aacute; trị tr&ecirc;n&nbsp;<a href=\"https://donghohaitrieu.com/tin-tuc/dong-ho/nhan-biet-cac-kieu-mat-dong-ho-deo-tay-pho-bien-nhat-hien-nay.html\" rel=\"noopener noreferrer\" target=\"_blank\">mặt đồng hồ</a></em></strong></p>\r\n\r\n<p>Kh&ocirc;ng phải 6 vi&ecirc;n hay 8 vi&ecirc;n như thường thấy, chiếc&nbsp;<a href=\"https://donghohaitrieu.com/danh-muc/dong-ho-nam\" rel=\"noopener noreferrer\" target=\"_blank\">đồng hồ nam</a>&nbsp;Doxa D220SSV lần n&agrave;y được h&atilde;ng v&ocirc; c&ugrave;ng ưu &aacute;i khi trang bị số lượng kim cương tr&ecirc;n mặt số l&ecirc;n đến 14 vi&ecirc;n.</p>\r\n\r\n<p>Đặc biệt hơn, ngay hướng 6 giờ của sản phẩm c&ograve;n xuất hiện d&ograve;ng chữ &ldquo;Genuine Diamonds&rdquo; minh chứng cho việc tất cả những vi&ecirc;n kim cương n&agrave;y đều l&agrave; kim cương tự nhi&ecirc;n, tức l&agrave; ch&uacute;ng được khai th&aacute;c từ thi&ecirc;n nhi&ecirc;n, chứ kh&ocirc;ng phải loại kim cương được tổng hợp hay chế t&aacute;c nh&acirc;n tạo.</p>\r\n\r\n<p>Điều n&agrave;y kh&ocirc;ng chỉ l&agrave;m tăng gi&aacute; trị của chiếc đồng hồ kim loại n&agrave;y m&agrave; c&ograve;n gi&uacute;p kh&iacute; chất của người chủ nh&acirc;n trở n&ecirc;n l&ocirc;i cuốn, tự tin hơn khi đeo sản phẩm tr&ecirc;n cổ tay.</p>\r\n\r\n<p><img alt=\"Thông tin chi tiết về chiếc đồng hồ nam Doxa D220SSV - Ảnh: 2\" src=\"https://cdn3.dhht.vn/wp-content/uploads/2020/07/Thong-tin-chi-tiet-ve-chiec-dong-ho-nam-Doxa-D220SSV-2.jpg\" /></p>\r\n\r\n<p><em>Những vi&ecirc;n kim cương thật c&ograve;n g&oacute;p phần l&agrave;m tăng gi&aacute; trị cho chiếc đồng hồ&nbsp; nam n&agrave;y</em></p>\r\n\r\n<p>&nbsp;</p>\r\n\r\n<p><strong><em>▶&nbsp;Họa tiết Guilloche nghệ thuật</em></strong></p>\r\n\r\n<p>Nhằm mục đ&iacute;ch tạo chiều s&acirc;u cho thiết kế mặt số v&agrave; trang tr&iacute; cho nền đồng hồ, Doxa D220SSV c&ograve;n được nh&agrave; sản xuất bố tr&iacute; th&ecirc;m sự xuất hiện của họa tiết Guilloche độc đ&aacute;o chia bề mặt sản phẩm ra l&agrave;m 2 l&ograve;ng: l&ograve;ng ngo&agrave;i v&agrave; l&ograve;ng trong.</p>\r\n\r\n<p>Cụ thể, l&ograve;ng ngo&agrave;i l&agrave; những đường tr&ograve;n đồng t&acirc;m với sự sắp xếp san s&aacute;t nhau, c&ograve;n l&ograve;ng trong l&agrave; sự xuất hiện của những đường cong theo một trật tự logic, mang đến cho người xem h&igrave;nh ảnh một đ&oacute;a hoa nhiều c&aacute;nh xuất ph&aacute;t từ t&acirc;m đồng hồ.</p>\r\n\r\n<p>Người d&ugrave;ng chỉ c&oacute; thể dễ d&agrave;ng t&igrave;m thấy họa tiết Guilloche n&agrave;y tr&ecirc;n những d&ograve;ng sản phẩm đắt tiền từ Thụy Sỹ, bởi kh&acirc;u chế t&aacute;c ch&uacute;ng rất tỉ mỉ v&agrave; tinh tế, y&ecirc;u cầu kỹ thuật v&agrave; m&aacute;y m&oacute;c phức tạp n&ecirc;n những phi&ecirc;n bản gi&aacute; rẻ thường kh&ocirc;ng đầu tư v&agrave;o họa tiết n&agrave;y.</p>\r\n\r\n<p><img alt=\"Thông tin chi tiết về chiếc đồng hồ nam Doxa D220SSV - Ảnh: 3\" src=\"https://cdn3.dhht.vn/wp-content/uploads/2020/07/Thong-tin-chi-tiet-ve-chiec-dong-ho-nam-Doxa-D220SSV-3.jpg\" /></p>\r\n\r\n<p><em>Dễ d&agrave;ng nhận thấy họa tiết Guilloch&eacute; v&ocirc; c&ugrave;ng phức tạp tr&ecirc;n mặt số đồng hồ</em></p>\r\n\r\n<p>&nbsp;</p>\r\n\r\n<p><strong><em>▶&nbsp;Vẫn l&agrave; mặt k&iacute;nh sapphire chống trầy thường thấy</em></strong></p>\r\n\r\n<p>Kh&ocirc;ng phải tự dưng m&agrave; k&iacute;nh saphire lại được c&aacute;c thương hiệu Thụy Sỹ từ b&igrave;nh d&acirc;n đến nổi tiếng chọn để trang bị cho c&aacute;c sản phẩm của m&igrave;nh. Nguy&ecirc;n nh&acirc;n nh&agrave; nhờ những ưu điểm nổi trội của&nbsp;<a href=\"https://donghohaitrieu.com/tin-tuc/dong-ho/toan-bo-su-that-ve-mat-kinh-sapphire-cua-dong-ho.html\" rel=\"noopener noreferrer\" target=\"_blank\">sapphire</a>&nbsp;so với c&aacute;c loại k&iacute;nh kh&aacute;c tr&ecirc;n thị trường, cụ thể:</p>\r\n\r\n<p>Khả năng hạn chế trầy xước cao, những va quẹt hằng ng&agrave;y giờ đ&acirc;y kh&ocirc;ng c&ograve;n l&agrave; vấn đề đ&aacute;ng quan ngại.</p>\r\n\r\n<p>Độ cứng tốt, chỉ đứng sau kim cương trong bảng xếp hạng Mohs.</p>\r\n\r\n<p>Đặc biệt đ&oacute; ch&iacute;nh l&agrave; sự hiển thị trong suốt, cho c&aacute;c chi tiết thời gian b&ecirc;n tr&ecirc;n mặt số được r&otilde; n&eacute;t hơn bao giờ hết.</p>\r\n\r\n<h3><strong>2. THIẾT KẾ D&Acirc;Y ĐEO ĐỒNG HỒ</strong></h3>\r\n\r\n<p>Doxa D220SSV l&agrave; chiếc đồng hồ kim loại cao cấp, ch&iacute;nh v&igrave; thế sản phẩm được chế t&aacute;c ho&agrave;n to&agrave;n bằng chất liệu&nbsp;<a href=\"https://donghohaitrieu.com/tin-tuc/dong-ho/thep-khong-gi-316l-la-gi-tai-sao-duoc-su-dung-trong-che-tac-dong-ho.html\" rel=\"noopener noreferrer\" target=\"_blank\">th&eacute;p kh&ocirc;ng gỉ 316L</a>, đem đến cho người d&ugrave;ng sự bền bỉ v&agrave; vẻ ngo&agrave;i s&aacute;ng b&oacute;ng c&ugrave;ng thời gian.&nbsp;</p>\r\n\r\n<p>Nguy&ecirc;n nh&acirc;n th&eacute;p kh&ocirc;ng gỉ được thương hiệu Doxa vận dụng triệt để v&agrave;o chế t&aacute;c đồng hồ l&agrave; nhờ:</p>\r\n\r\n<p>●&nbsp;Độ cứng cao n&ecirc;n hạn chế những hậu quả xấu để lại trong c&aacute;c trường hợp như va quẹt, rơi rớt sản phẩm.</p>\r\n\r\n<p>●&nbsp;Kh&ocirc;ng bị bong tr&oacute;c, xỉn m&agrave;u v&agrave; độ bền tốt, ch&iacute;nh v&igrave; thế m&agrave; người d&ugrave;ng kh&ocirc;ng cần phải tahy d&acirc;y thường xuy&ecirc;n như chất liệu d&acirc;y da.</p>\r\n\r\n<p>●&nbsp;Kh&ocirc;ng xuất hiện mồ h&ocirc;i kh&oacute; chịu khi tiếp x&uacute;c với nước v&agrave; m&ocirc;i trường ẩm ướt.</p>\r\n\r\n<p>●&nbsp;Dễ d&agrave;ng vệ sinh v&agrave; đặc biệt c&oacute; thể đ&aacute;nh b&oacute;ng để lấy lại vẻ đẹp nguy&ecirc;n thủy của sản phẩm.</p>\r\n\r\n<p><img alt=\"Thông tin chi tiết về chiếc đồng hồ nam Doxa D220SSV - Ảnh: 4\" src=\"https://cdn3.dhht.vn/wp-content/uploads/2020/07/Thong-tin-chi-tiet-ve-chiec-dong-ho-nam-Doxa-D220SSV-5.jpg\" /></p>\r\n\r\n<p><em>Bộ phận d&acirc;y đeo của&nbsp;Doxa D220SSV được chế t&aacute;c từ nhiều mắc x&iacute;ch nhỏ đan xem với nhau</em></p>\r\n\r\n<p><em>Trung Hiếu</em></p>\r\n', 1, '1629925467_dong-ho-noi-tieng-the-gioi-guess.jpg', 2300000, 20, 26, 1),
(4, 'Anne Klein', '', '<h2><strong>TH&Ocirc;NG TIN CHI TIẾT VỀ CHIẾC ĐỒNG HỒ NAM DOXA D220SSV</strong></h2>\r\n\r\n<p>Tuy tr&igrave;nh l&agrave;ng từ kh&aacute; sớm, khoảng từ những năm 1889, thế nhưng c&aacute;i t&ecirc;n Doxa thực sự chỉ mới du nhập v&agrave;o Việt Nam trong thời gian gần đ&acirc;y, ch&iacute;nh v&igrave; thế m&agrave; kh&ocirc;ng tr&aacute;nh khỏi việc nhiều người chưa biết đến thương hiệu n&agrave;y.</p>\r\n\r\n<p>Theo đ&oacute;, Doxa l&agrave; một trong những h&atilde;ng sản xuất đồng hồ danh gi&aacute; v&agrave; ch&iacute;nh thống của Thụy Sỹ, c&oacute; lịch sử ph&aacute;t triển hơn 130 năm v&agrave; cũng l&agrave; c&aacute;i t&ecirc;n đi đầu trong việc sử dụng&nbsp;<a href=\"https://donghohaitrieu.com/tin-tuc/dong-ho/kim-cuong-la-gi-y-nghia-kim-cuong-trong-lam-an-phong-thuy.html\" rel=\"noopener noreferrer\" target=\"_blank\">kim cương</a>&nbsp;thật l&ecirc;n&nbsp;<a href=\"https://donghohaitrieu.com/dong-ho-deo-tay-chinh-hang\" rel=\"noopener noreferrer\" target=\"_blank\">đồng hồ đeo tay</a>.</p>\r\n\r\n<p>Những thiết kế của h&atilde;ng thường kh&ocirc;ng chạy theo xu hướng thời đại, mỗi sản phẩm đều mang đậm n&eacute;t đặc trưng ri&ecirc;ng của thương hiệu n&agrave;y. Đơn cử như phi&ecirc;n bản đồng hồ Doxa nam với số hiệu Doxa D220SSV dưới đ&acirc;y.</p>\r\n\r\n<p>&nbsp;</p>\r\n\r\n<p><img alt=\"Triển lãm đồng hồ lớn nhất thế giới Baselworld mất dần sức hấp dẫn | VTV.VN\" src=\"https://vtv1.mediacdn.vn/thumb_w/650/2018/3/23/dongho230318-15217821803561915207800.jpg\" /></p>\r\n\r\n<p>Nhấn để ph&oacute;ng to ảnh</p>\r\n\r\n<h3><strong>1. THIẾT KẾ MẶT SỐ ĐỒNG HỒ</strong></h3>\r\n\r\n<p>Thoạt nh&igrave;n, tưởng chừng như cỗ m&aacute;y thời gian n&agrave;y c&oacute; thiết kế đơn giản. Tuy nhi&ecirc;n, nếu quan s&aacute;t kỹ, bạn sẽ nhận ra rằng mỗi một chi tiết đều l&agrave; kh&acirc;u chế t&aacute;c v&ocirc; c&ugrave;ng kỳ c&ocirc;ng v&agrave; tỉ mỉ, cụ thể:</p>\r\n\r\n<p><strong><em>▶&nbsp;14 vi&ecirc;n kim cương gi&aacute; trị tr&ecirc;n&nbsp;<a href=\"https://donghohaitrieu.com/tin-tuc/dong-ho/nhan-biet-cac-kieu-mat-dong-ho-deo-tay-pho-bien-nhat-hien-nay.html\" rel=\"noopener noreferrer\" target=\"_blank\">mặt đồng hồ</a></em></strong></p>\r\n\r\n<p>Kh&ocirc;ng phải 6 vi&ecirc;n hay 8 vi&ecirc;n như thường thấy, chiếc&nbsp;<a href=\"https://donghohaitrieu.com/danh-muc/dong-ho-nam\" rel=\"noopener noreferrer\" target=\"_blank\">đồng hồ nam</a>&nbsp;Doxa D220SSV lần n&agrave;y được h&atilde;ng v&ocirc; c&ugrave;ng ưu &aacute;i khi trang bị số lượng kim cương tr&ecirc;n mặt số l&ecirc;n đến 14 vi&ecirc;n.</p>\r\n\r\n<p>Đặc biệt hơn, ngay hướng 6 giờ của sản phẩm c&ograve;n xuất hiện d&ograve;ng chữ &ldquo;Genuine Diamonds&rdquo; minh chứng cho việc tất cả những vi&ecirc;n kim cương n&agrave;y đều l&agrave; kim cương tự nhi&ecirc;n, tức l&agrave; ch&uacute;ng được khai th&aacute;c từ thi&ecirc;n nhi&ecirc;n, chứ kh&ocirc;ng phải loại kim cương được tổng hợp hay chế t&aacute;c nh&acirc;n tạo.</p>\r\n\r\n<p>Điều n&agrave;y kh&ocirc;ng chỉ l&agrave;m tăng gi&aacute; trị của chiếc đồng hồ kim loại n&agrave;y m&agrave; c&ograve;n gi&uacute;p kh&iacute; chất của người chủ nh&acirc;n trở n&ecirc;n l&ocirc;i cuốn, tự tin hơn khi đeo sản phẩm tr&ecirc;n cổ tay.</p>\r\n\r\n<p><img alt=\"Thông tin chi tiết về chiếc đồng hồ nam Doxa D220SSV - Ảnh: 2\" src=\"https://cdn3.dhht.vn/wp-content/uploads/2020/07/Thong-tin-chi-tiet-ve-chiec-dong-ho-nam-Doxa-D220SSV-2.jpg\" /></p>\r\n\r\n<p><em>Những vi&ecirc;n kim cương thật c&ograve;n g&oacute;p phần l&agrave;m tăng gi&aacute; trị cho chiếc đồng hồ&nbsp; nam n&agrave;y</em></p>\r\n\r\n<p>&nbsp;</p>\r\n\r\n<p><strong><em>▶&nbsp;Họa tiết Guilloche nghệ thuật</em></strong></p>\r\n\r\n<p>Nhằm mục đ&iacute;ch tạo chiều s&acirc;u cho thiết kế mặt số v&agrave; trang tr&iacute; cho nền đồng hồ, Doxa D220SSV c&ograve;n được nh&agrave; sản xuất bố tr&iacute; th&ecirc;m sự xuất hiện của họa tiết Guilloche độc đ&aacute;o chia bề mặt sản phẩm ra l&agrave;m 2 l&ograve;ng: l&ograve;ng ngo&agrave;i v&agrave; l&ograve;ng trong.</p>\r\n\r\n<p>Cụ thể, l&ograve;ng ngo&agrave;i l&agrave; những đường tr&ograve;n đồng t&acirc;m với sự sắp xếp san s&aacute;t nhau, c&ograve;n l&ograve;ng trong l&agrave; sự xuất hiện của những đường cong theo một trật tự logic, mang đến cho người xem h&igrave;nh ảnh một đ&oacute;a hoa nhiều c&aacute;nh xuất ph&aacute;t từ t&acirc;m đồng hồ.</p>\r\n\r\n<p>Người d&ugrave;ng chỉ c&oacute; thể dễ d&agrave;ng t&igrave;m thấy họa tiết Guilloche n&agrave;y tr&ecirc;n những d&ograve;ng sản phẩm đắt tiền từ Thụy Sỹ, bởi kh&acirc;u chế t&aacute;c ch&uacute;ng rất tỉ mỉ v&agrave; tinh tế, y&ecirc;u cầu kỹ thuật v&agrave; m&aacute;y m&oacute;c phức tạp n&ecirc;n những phi&ecirc;n bản gi&aacute; rẻ thường kh&ocirc;ng đầu tư v&agrave;o họa tiết n&agrave;y.</p>\r\n\r\n<p><img alt=\"Thông tin chi tiết về chiếc đồng hồ nam Doxa D220SSV - Ảnh: 3\" src=\"https://cdn3.dhht.vn/wp-content/uploads/2020/07/Thong-tin-chi-tiet-ve-chiec-dong-ho-nam-Doxa-D220SSV-3.jpg\" /></p>\r\n\r\n<p><em>Dễ d&agrave;ng nhận thấy họa tiết Guilloch&eacute; v&ocirc; c&ugrave;ng phức tạp tr&ecirc;n mặt số đồng hồ</em></p>\r\n\r\n<p>&nbsp;</p>\r\n\r\n<p><strong><em>▶&nbsp;Vẫn l&agrave; mặt k&iacute;nh sapphire chống trầy thường thấy</em></strong></p>\r\n\r\n<p>Kh&ocirc;ng phải tự dưng m&agrave; k&iacute;nh saphire lại được c&aacute;c thương hiệu Thụy Sỹ từ b&igrave;nh d&acirc;n đến nổi tiếng chọn để trang bị cho c&aacute;c sản phẩm của m&igrave;nh. Nguy&ecirc;n nh&acirc;n nh&agrave; nhờ những ưu điểm nổi trội của&nbsp;<a href=\"https://donghohaitrieu.com/tin-tuc/dong-ho/toan-bo-su-that-ve-mat-kinh-sapphire-cua-dong-ho.html\" rel=\"noopener noreferrer\" target=\"_blank\">sapphire</a>&nbsp;so với c&aacute;c loại k&iacute;nh kh&aacute;c tr&ecirc;n thị trường, cụ thể:</p>\r\n\r\n<p>Khả năng hạn chế trầy xước cao, những va quẹt hằng ng&agrave;y giờ đ&acirc;y kh&ocirc;ng c&ograve;n l&agrave; vấn đề đ&aacute;ng quan ngại.</p>\r\n\r\n<p>Độ cứng tốt, chỉ đứng sau kim cương trong bảng xếp hạng Mohs.</p>\r\n\r\n<p>Đặc biệt đ&oacute; ch&iacute;nh l&agrave; sự hiển thị trong suốt, cho c&aacute;c chi tiết thời gian b&ecirc;n tr&ecirc;n mặt số được r&otilde; n&eacute;t hơn bao giờ hết.</p>\r\n\r\n<h3><strong>2. THIẾT KẾ D&Acirc;Y ĐEO ĐỒNG HỒ</strong></h3>\r\n\r\n<p>Doxa D220SSV l&agrave; chiếc đồng hồ kim loại cao cấp, ch&iacute;nh v&igrave; thế sản phẩm được chế t&aacute;c ho&agrave;n to&agrave;n bằng chất liệu&nbsp;<a href=\"https://donghohaitrieu.com/tin-tuc/dong-ho/thep-khong-gi-316l-la-gi-tai-sao-duoc-su-dung-trong-che-tac-dong-ho.html\" rel=\"noopener noreferrer\" target=\"_blank\">th&eacute;p kh&ocirc;ng gỉ 316L</a>, đem đến cho người d&ugrave;ng sự bền bỉ v&agrave; vẻ ngo&agrave;i s&aacute;ng b&oacute;ng c&ugrave;ng thời gian.&nbsp;</p>\r\n\r\n<p>Nguy&ecirc;n nh&acirc;n th&eacute;p kh&ocirc;ng gỉ được thương hiệu Doxa vận dụng triệt để v&agrave;o chế t&aacute;c đồng hồ l&agrave; nhờ:</p>\r\n\r\n<p>●&nbsp;Độ cứng cao n&ecirc;n hạn chế những hậu quả xấu để lại trong c&aacute;c trường hợp như va quẹt, rơi rớt sản phẩm.</p>\r\n\r\n<p>●&nbsp;Kh&ocirc;ng bị bong tr&oacute;c, xỉn m&agrave;u v&agrave; độ bền tốt, ch&iacute;nh v&igrave; thế m&agrave; người d&ugrave;ng kh&ocirc;ng cần phải tahy d&acirc;y thường xuy&ecirc;n như chất liệu d&acirc;y da.</p>\r\n\r\n<p>●&nbsp;Kh&ocirc;ng xuất hiện mồ h&ocirc;i kh&oacute; chịu khi tiếp x&uacute;c với nước v&agrave; m&ocirc;i trường ẩm ướt.</p>\r\n\r\n<p>●&nbsp;Dễ d&agrave;ng vệ sinh v&agrave; đặc biệt c&oacute; thể đ&aacute;nh b&oacute;ng để lấy lại vẻ đẹp nguy&ecirc;n thủy của sản phẩm.</p>\r\n\r\n<p><img alt=\"Thông tin chi tiết về chiếc đồng hồ nam Doxa D220SSV - Ảnh: 4\" src=\"https://cdn3.dhht.vn/wp-content/uploads/2020/07/Thong-tin-chi-tiet-ve-chiec-dong-ho-nam-Doxa-D220SSV-5.jpg\" /></p>\r\n\r\n<p><em>Bộ phận d&acirc;y đeo của&nbsp;Doxa D220SSV được chế t&aacute;c từ nhiều mắc x&iacute;ch nhỏ đan xem với nhau</em></p>\r\n\r\n<p><em>Trung Hiếu</em></p>\r\n', 1, '1629925514_dong-ho-noi-tieng-the-gioi-anne-klein.jpg', 6000000, 30, 22, 3),
(5, 'DW (Daniel Wellington)', '', '<h2><strong>TH&Ocirc;NG TIN CHI TIẾT VỀ CHIẾC ĐỒNG HỒ NAM DOXA D220SSV</strong></h2>\r\n\r\n<p>Tuy tr&igrave;nh l&agrave;ng từ kh&aacute; sớm, khoảng từ những năm 1889, thế nhưng c&aacute;i t&ecirc;n Doxa thực sự chỉ mới du nhập v&agrave;o Việt Nam trong thời gian gần đ&acirc;y, ch&iacute;nh v&igrave; thế m&agrave; kh&ocirc;ng tr&aacute;nh khỏi việc nhiều người chưa biết đến thương hiệu n&agrave;y.</p>\r\n\r\n<p>Theo đ&oacute;, Doxa l&agrave; một trong những h&atilde;ng sản xuất đồng hồ danh gi&aacute; v&agrave; ch&iacute;nh thống của Thụy Sỹ, c&oacute; lịch sử ph&aacute;t triển hơn 130 năm v&agrave; cũng l&agrave; c&aacute;i t&ecirc;n đi đầu trong việc sử dụng&nbsp;<a href=\"https://donghohaitrieu.com/tin-tuc/dong-ho/kim-cuong-la-gi-y-nghia-kim-cuong-trong-lam-an-phong-thuy.html\" rel=\"noopener noreferrer\" target=\"_blank\">kim cương</a>&nbsp;thật l&ecirc;n&nbsp;<a href=\"https://donghohaitrieu.com/dong-ho-deo-tay-chinh-hang\" rel=\"noopener noreferrer\" target=\"_blank\">đồng hồ đeo tay</a>.</p>\r\n\r\n<p>Những thiết kế của h&atilde;ng thường kh&ocirc;ng chạy theo xu hướng thời đại, mỗi sản phẩm đều mang đậm n&eacute;t đặc trưng ri&ecirc;ng của thương hiệu n&agrave;y. Đơn cử như phi&ecirc;n bản đồng hồ Doxa nam với số hiệu Doxa D220SSV dưới đ&acirc;y.</p>\r\n\r\n<p>&nbsp;</p>\r\n\r\n<p><img alt=\"Triển lãm đồng hồ lớn nhất thế giới Baselworld mất dần sức hấp dẫn | VTV.VN\" src=\"https://vtv1.mediacdn.vn/thumb_w/650/2018/3/23/dongho230318-15217821803561915207800.jpg\" /></p>\r\n\r\n<p>Nhấn để ph&oacute;ng to ảnh</p>\r\n\r\n<h3><strong>1. THIẾT KẾ MẶT SỐ ĐỒNG HỒ</strong></h3>\r\n\r\n<p>Thoạt nh&igrave;n, tưởng chừng như cỗ m&aacute;y thời gian n&agrave;y c&oacute; thiết kế đơn giản. Tuy nhi&ecirc;n, nếu quan s&aacute;t kỹ, bạn sẽ nhận ra rằng mỗi một chi tiết đều l&agrave; kh&acirc;u chế t&aacute;c v&ocirc; c&ugrave;ng kỳ c&ocirc;ng v&agrave; tỉ mỉ, cụ thể:</p>\r\n\r\n<p><strong><em>▶&nbsp;14 vi&ecirc;n kim cương gi&aacute; trị tr&ecirc;n&nbsp;<a href=\"https://donghohaitrieu.com/tin-tuc/dong-ho/nhan-biet-cac-kieu-mat-dong-ho-deo-tay-pho-bien-nhat-hien-nay.html\" rel=\"noopener noreferrer\" target=\"_blank\">mặt đồng hồ</a></em></strong></p>\r\n\r\n<p>Kh&ocirc;ng phải 6 vi&ecirc;n hay 8 vi&ecirc;n như thường thấy, chiếc&nbsp;<a href=\"https://donghohaitrieu.com/danh-muc/dong-ho-nam\" rel=\"noopener noreferrer\" target=\"_blank\">đồng hồ nam</a>&nbsp;Doxa D220SSV lần n&agrave;y được h&atilde;ng v&ocirc; c&ugrave;ng ưu &aacute;i khi trang bị số lượng kim cương tr&ecirc;n mặt số l&ecirc;n đến 14 vi&ecirc;n.</p>\r\n\r\n<p>Đặc biệt hơn, ngay hướng 6 giờ của sản phẩm c&ograve;n xuất hiện d&ograve;ng chữ &ldquo;Genuine Diamonds&rdquo; minh chứng cho việc tất cả những vi&ecirc;n kim cương n&agrave;y đều l&agrave; kim cương tự nhi&ecirc;n, tức l&agrave; ch&uacute;ng được khai th&aacute;c từ thi&ecirc;n nhi&ecirc;n, chứ kh&ocirc;ng phải loại kim cương được tổng hợp hay chế t&aacute;c nh&acirc;n tạo.</p>\r\n\r\n<p>Điều n&agrave;y kh&ocirc;ng chỉ l&agrave;m tăng gi&aacute; trị của chiếc đồng hồ kim loại n&agrave;y m&agrave; c&ograve;n gi&uacute;p kh&iacute; chất của người chủ nh&acirc;n trở n&ecirc;n l&ocirc;i cuốn, tự tin hơn khi đeo sản phẩm tr&ecirc;n cổ tay.</p>\r\n\r\n<p><img alt=\"Thông tin chi tiết về chiếc đồng hồ nam Doxa D220SSV - Ảnh: 2\" src=\"https://cdn3.dhht.vn/wp-content/uploads/2020/07/Thong-tin-chi-tiet-ve-chiec-dong-ho-nam-Doxa-D220SSV-2.jpg\" /></p>\r\n\r\n<p><em>Những vi&ecirc;n kim cương thật c&ograve;n g&oacute;p phần l&agrave;m tăng gi&aacute; trị cho chiếc đồng hồ&nbsp; nam n&agrave;y</em></p>\r\n\r\n<p>&nbsp;</p>\r\n\r\n<p><strong><em>▶&nbsp;Họa tiết Guilloche nghệ thuật</em></strong></p>\r\n\r\n<p>Nhằm mục đ&iacute;ch tạo chiều s&acirc;u cho thiết kế mặt số v&agrave; trang tr&iacute; cho nền đồng hồ, Doxa D220SSV c&ograve;n được nh&agrave; sản xuất bố tr&iacute; th&ecirc;m sự xuất hiện của họa tiết Guilloche độc đ&aacute;o chia bề mặt sản phẩm ra l&agrave;m 2 l&ograve;ng: l&ograve;ng ngo&agrave;i v&agrave; l&ograve;ng trong.</p>\r\n\r\n<p>Cụ thể, l&ograve;ng ngo&agrave;i l&agrave; những đường tr&ograve;n đồng t&acirc;m với sự sắp xếp san s&aacute;t nhau, c&ograve;n l&ograve;ng trong l&agrave; sự xuất hiện của những đường cong theo một trật tự logic, mang đến cho người xem h&igrave;nh ảnh một đ&oacute;a hoa nhiều c&aacute;nh xuất ph&aacute;t từ t&acirc;m đồng hồ.</p>\r\n\r\n<p>Người d&ugrave;ng chỉ c&oacute; thể dễ d&agrave;ng t&igrave;m thấy họa tiết Guilloche n&agrave;y tr&ecirc;n những d&ograve;ng sản phẩm đắt tiền từ Thụy Sỹ, bởi kh&acirc;u chế t&aacute;c ch&uacute;ng rất tỉ mỉ v&agrave; tinh tế, y&ecirc;u cầu kỹ thuật v&agrave; m&aacute;y m&oacute;c phức tạp n&ecirc;n những phi&ecirc;n bản gi&aacute; rẻ thường kh&ocirc;ng đầu tư v&agrave;o họa tiết n&agrave;y.</p>\r\n\r\n<p><img alt=\"Thông tin chi tiết về chiếc đồng hồ nam Doxa D220SSV - Ảnh: 3\" src=\"https://cdn3.dhht.vn/wp-content/uploads/2020/07/Thong-tin-chi-tiet-ve-chiec-dong-ho-nam-Doxa-D220SSV-3.jpg\" /></p>\r\n\r\n<p><em>Dễ d&agrave;ng nhận thấy họa tiết Guilloch&eacute; v&ocirc; c&ugrave;ng phức tạp tr&ecirc;n mặt số đồng hồ</em></p>\r\n\r\n<p>&nbsp;</p>\r\n\r\n<p><strong><em>▶&nbsp;Vẫn l&agrave; mặt k&iacute;nh sapphire chống trầy thường thấy</em></strong></p>\r\n\r\n<p>Kh&ocirc;ng phải tự dưng m&agrave; k&iacute;nh saphire lại được c&aacute;c thương hiệu Thụy Sỹ từ b&igrave;nh d&acirc;n đến nổi tiếng chọn để trang bị cho c&aacute;c sản phẩm của m&igrave;nh. Nguy&ecirc;n nh&acirc;n nh&agrave; nhờ những ưu điểm nổi trội của&nbsp;<a href=\"https://donghohaitrieu.com/tin-tuc/dong-ho/toan-bo-su-that-ve-mat-kinh-sapphire-cua-dong-ho.html\" rel=\"noopener noreferrer\" target=\"_blank\">sapphire</a>&nbsp;so với c&aacute;c loại k&iacute;nh kh&aacute;c tr&ecirc;n thị trường, cụ thể:</p>\r\n\r\n<p>Khả năng hạn chế trầy xước cao, những va quẹt hằng ng&agrave;y giờ đ&acirc;y kh&ocirc;ng c&ograve;n l&agrave; vấn đề đ&aacute;ng quan ngại.</p>\r\n\r\n<p>Độ cứng tốt, chỉ đứng sau kim cương trong bảng xếp hạng Mohs.</p>\r\n\r\n<p>Đặc biệt đ&oacute; ch&iacute;nh l&agrave; sự hiển thị trong suốt, cho c&aacute;c chi tiết thời gian b&ecirc;n tr&ecirc;n mặt số được r&otilde; n&eacute;t hơn bao giờ hết.</p>\r\n\r\n<h3><strong>2. THIẾT KẾ D&Acirc;Y ĐEO ĐỒNG HỒ</strong></h3>\r\n\r\n<p>Doxa D220SSV l&agrave; chiếc đồng hồ kim loại cao cấp, ch&iacute;nh v&igrave; thế sản phẩm được chế t&aacute;c ho&agrave;n to&agrave;n bằng chất liệu&nbsp;<a href=\"https://donghohaitrieu.com/tin-tuc/dong-ho/thep-khong-gi-316l-la-gi-tai-sao-duoc-su-dung-trong-che-tac-dong-ho.html\" rel=\"noopener noreferrer\" target=\"_blank\">th&eacute;p kh&ocirc;ng gỉ 316L</a>, đem đến cho người d&ugrave;ng sự bền bỉ v&agrave; vẻ ngo&agrave;i s&aacute;ng b&oacute;ng c&ugrave;ng thời gian.&nbsp;</p>\r\n\r\n<p>Nguy&ecirc;n nh&acirc;n th&eacute;p kh&ocirc;ng gỉ được thương hiệu Doxa vận dụng triệt để v&agrave;o chế t&aacute;c đồng hồ l&agrave; nhờ:</p>\r\n\r\n<p>●&nbsp;Độ cứng cao n&ecirc;n hạn chế những hậu quả xấu để lại trong c&aacute;c trường hợp như va quẹt, rơi rớt sản phẩm.</p>\r\n\r\n<p>●&nbsp;Kh&ocirc;ng bị bong tr&oacute;c, xỉn m&agrave;u v&agrave; độ bền tốt, ch&iacute;nh v&igrave; thế m&agrave; người d&ugrave;ng kh&ocirc;ng cần phải tahy d&acirc;y thường xuy&ecirc;n như chất liệu d&acirc;y da.</p>\r\n\r\n<p>●&nbsp;Kh&ocirc;ng xuất hiện mồ h&ocirc;i kh&oacute; chịu khi tiếp x&uacute;c với nước v&agrave; m&ocirc;i trường ẩm ướt.</p>\r\n\r\n<p>●&nbsp;Dễ d&agrave;ng vệ sinh v&agrave; đặc biệt c&oacute; thể đ&aacute;nh b&oacute;ng để lấy lại vẻ đẹp nguy&ecirc;n thủy của sản phẩm.</p>\r\n\r\n<p><img alt=\"Thông tin chi tiết về chiếc đồng hồ nam Doxa D220SSV - Ảnh: 4\" src=\"https://cdn3.dhht.vn/wp-content/uploads/2020/07/Thong-tin-chi-tiet-ve-chiec-dong-ho-nam-Doxa-D220SSV-5.jpg\" /></p>\r\n\r\n<p><em>Bộ phận d&acirc;y đeo của&nbsp;Doxa D220SSV được chế t&aacute;c từ nhiều mắc x&iacute;ch nhỏ đan xem với nhau</em></p>\r\n\r\n<p><em>Trung Hiếu</em></p>\r\n', 0, '1629925551_dong-ho-noi-tieng-the-gioi-daniel-wellington.jpg', 2700000, 5, 23, 3),
(6, 'Olym Pianus', '', '<h2><strong>TH&Ocirc;NG TIN CHI TIẾT VỀ CHIẾC ĐỒNG HỒ NAM DOXA D220SSV</strong></h2>\r\n\r\n<p>Tuy tr&igrave;nh l&agrave;ng từ kh&aacute; sớm, khoảng từ những năm 1889, thế nhưng c&aacute;i t&ecirc;n Doxa thực sự chỉ mới du nhập v&agrave;o Việt Nam trong thời gian gần đ&acirc;y, ch&iacute;nh v&igrave; thế m&agrave; kh&ocirc;ng tr&aacute;nh khỏi việc nhiều người chưa biết đến thương hiệu n&agrave;y.</p>\r\n\r\n<p>Theo đ&oacute;, Doxa l&agrave; một trong những h&atilde;ng sản xuất đồng hồ danh gi&aacute; v&agrave; ch&iacute;nh thống của Thụy Sỹ, c&oacute; lịch sử ph&aacute;t triển hơn 130 năm v&agrave; cũng l&agrave; c&aacute;i t&ecirc;n đi đầu trong việc sử dụng&nbsp;<a href=\"https://donghohaitrieu.com/tin-tuc/dong-ho/kim-cuong-la-gi-y-nghia-kim-cuong-trong-lam-an-phong-thuy.html\" rel=\"noopener noreferrer\" target=\"_blank\">kim cương</a>&nbsp;thật l&ecirc;n&nbsp;<a href=\"https://donghohaitrieu.com/dong-ho-deo-tay-chinh-hang\" rel=\"noopener noreferrer\" target=\"_blank\">đồng hồ đeo tay</a>.</p>\r\n\r\n<p>Những thiết kế của h&atilde;ng thường kh&ocirc;ng chạy theo xu hướng thời đại, mỗi sản phẩm đều mang đậm n&eacute;t đặc trưng ri&ecirc;ng của thương hiệu n&agrave;y. Đơn cử như phi&ecirc;n bản đồng hồ Doxa nam với số hiệu Doxa D220SSV dưới đ&acirc;y.</p>\r\n\r\n<p>&nbsp;</p>\r\n\r\n<p><img alt=\"Triển lãm đồng hồ lớn nhất thế giới Baselworld mất dần sức hấp dẫn | VTV.VN\" src=\"https://vtv1.mediacdn.vn/thumb_w/650/2018/3/23/dongho230318-15217821803561915207800.jpg\" /></p>\r\n\r\n<p>Nhấn để ph&oacute;ng to ảnh</p>\r\n\r\n<h3><strong>1. THIẾT KẾ MẶT SỐ ĐỒNG HỒ</strong></h3>\r\n\r\n<p>Thoạt nh&igrave;n, tưởng chừng như cỗ m&aacute;y thời gian n&agrave;y c&oacute; thiết kế đơn giản. Tuy nhi&ecirc;n, nếu quan s&aacute;t kỹ, bạn sẽ nhận ra rằng mỗi một chi tiết đều l&agrave; kh&acirc;u chế t&aacute;c v&ocirc; c&ugrave;ng kỳ c&ocirc;ng v&agrave; tỉ mỉ, cụ thể:</p>\r\n\r\n<p><strong><em>▶&nbsp;14 vi&ecirc;n kim cương gi&aacute; trị tr&ecirc;n&nbsp;<a href=\"https://donghohaitrieu.com/tin-tuc/dong-ho/nhan-biet-cac-kieu-mat-dong-ho-deo-tay-pho-bien-nhat-hien-nay.html\" rel=\"noopener noreferrer\" target=\"_blank\">mặt đồng hồ</a></em></strong></p>\r\n\r\n<p>Kh&ocirc;ng phải 6 vi&ecirc;n hay 8 vi&ecirc;n như thường thấy, chiếc&nbsp;<a href=\"https://donghohaitrieu.com/danh-muc/dong-ho-nam\" rel=\"noopener noreferrer\" target=\"_blank\">đồng hồ nam</a>&nbsp;Doxa D220SSV lần n&agrave;y được h&atilde;ng v&ocirc; c&ugrave;ng ưu &aacute;i khi trang bị số lượng kim cương tr&ecirc;n mặt số l&ecirc;n đến 14 vi&ecirc;n.</p>\r\n\r\n<p>Đặc biệt hơn, ngay hướng 6 giờ của sản phẩm c&ograve;n xuất hiện d&ograve;ng chữ &ldquo;Genuine Diamonds&rdquo; minh chứng cho việc tất cả những vi&ecirc;n kim cương n&agrave;y đều l&agrave; kim cương tự nhi&ecirc;n, tức l&agrave; ch&uacute;ng được khai th&aacute;c từ thi&ecirc;n nhi&ecirc;n, chứ kh&ocirc;ng phải loại kim cương được tổng hợp hay chế t&aacute;c nh&acirc;n tạo.</p>\r\n\r\n<p>Điều n&agrave;y kh&ocirc;ng chỉ l&agrave;m tăng gi&aacute; trị của chiếc đồng hồ kim loại n&agrave;y m&agrave; c&ograve;n gi&uacute;p kh&iacute; chất của người chủ nh&acirc;n trở n&ecirc;n l&ocirc;i cuốn, tự tin hơn khi đeo sản phẩm tr&ecirc;n cổ tay.</p>\r\n\r\n<p><img alt=\"Thông tin chi tiết về chiếc đồng hồ nam Doxa D220SSV - Ảnh: 2\" src=\"https://cdn3.dhht.vn/wp-content/uploads/2020/07/Thong-tin-chi-tiet-ve-chiec-dong-ho-nam-Doxa-D220SSV-2.jpg\" /></p>\r\n\r\n<p><em>Những vi&ecirc;n kim cương thật c&ograve;n g&oacute;p phần l&agrave;m tăng gi&aacute; trị cho chiếc đồng hồ&nbsp; nam n&agrave;y</em></p>\r\n\r\n<p>&nbsp;</p>\r\n\r\n<p><strong><em>▶&nbsp;Họa tiết Guilloche nghệ thuật</em></strong></p>\r\n\r\n<p>Nhằm mục đ&iacute;ch tạo chiều s&acirc;u cho thiết kế mặt số v&agrave; trang tr&iacute; cho nền đồng hồ, Doxa D220SSV c&ograve;n được nh&agrave; sản xuất bố tr&iacute; th&ecirc;m sự xuất hiện của họa tiết Guilloche độc đ&aacute;o chia bề mặt sản phẩm ra l&agrave;m 2 l&ograve;ng: l&ograve;ng ngo&agrave;i v&agrave; l&ograve;ng trong.</p>\r\n\r\n<p>Cụ thể, l&ograve;ng ngo&agrave;i l&agrave; những đường tr&ograve;n đồng t&acirc;m với sự sắp xếp san s&aacute;t nhau, c&ograve;n l&ograve;ng trong l&agrave; sự xuất hiện của những đường cong theo một trật tự logic, mang đến cho người xem h&igrave;nh ảnh một đ&oacute;a hoa nhiều c&aacute;nh xuất ph&aacute;t từ t&acirc;m đồng hồ.</p>\r\n\r\n<p>Người d&ugrave;ng chỉ c&oacute; thể dễ d&agrave;ng t&igrave;m thấy họa tiết Guilloche n&agrave;y tr&ecirc;n những d&ograve;ng sản phẩm đắt tiền từ Thụy Sỹ, bởi kh&acirc;u chế t&aacute;c ch&uacute;ng rất tỉ mỉ v&agrave; tinh tế, y&ecirc;u cầu kỹ thuật v&agrave; m&aacute;y m&oacute;c phức tạp n&ecirc;n những phi&ecirc;n bản gi&aacute; rẻ thường kh&ocirc;ng đầu tư v&agrave;o họa tiết n&agrave;y.</p>\r\n\r\n<p><img alt=\"Thông tin chi tiết về chiếc đồng hồ nam Doxa D220SSV - Ảnh: 3\" src=\"https://cdn3.dhht.vn/wp-content/uploads/2020/07/Thong-tin-chi-tiet-ve-chiec-dong-ho-nam-Doxa-D220SSV-3.jpg\" /></p>\r\n\r\n<p><em>Dễ d&agrave;ng nhận thấy họa tiết Guilloch&eacute; v&ocirc; c&ugrave;ng phức tạp tr&ecirc;n mặt số đồng hồ</em></p>\r\n\r\n<p>&nbsp;</p>\r\n\r\n<p><strong><em>▶&nbsp;Vẫn l&agrave; mặt k&iacute;nh sapphire chống trầy thường thấy</em></strong></p>\r\n\r\n<p>Kh&ocirc;ng phải tự dưng m&agrave; k&iacute;nh saphire lại được c&aacute;c thương hiệu Thụy Sỹ từ b&igrave;nh d&acirc;n đến nổi tiếng chọn để trang bị cho c&aacute;c sản phẩm của m&igrave;nh. Nguy&ecirc;n nh&acirc;n nh&agrave; nhờ những ưu điểm nổi trội của&nbsp;<a href=\"https://donghohaitrieu.com/tin-tuc/dong-ho/toan-bo-su-that-ve-mat-kinh-sapphire-cua-dong-ho.html\" rel=\"noopener noreferrer\" target=\"_blank\">sapphire</a>&nbsp;so với c&aacute;c loại k&iacute;nh kh&aacute;c tr&ecirc;n thị trường, cụ thể:</p>\r\n\r\n<p>Khả năng hạn chế trầy xước cao, những va quẹt hằng ng&agrave;y giờ đ&acirc;y kh&ocirc;ng c&ograve;n l&agrave; vấn đề đ&aacute;ng quan ngại.</p>\r\n\r\n<p>Độ cứng tốt, chỉ đứng sau kim cương trong bảng xếp hạng Mohs.</p>\r\n\r\n<p>Đặc biệt đ&oacute; ch&iacute;nh l&agrave; sự hiển thị trong suốt, cho c&aacute;c chi tiết thời gian b&ecirc;n tr&ecirc;n mặt số được r&otilde; n&eacute;t hơn bao giờ hết.</p>\r\n\r\n<h3><strong>2. THIẾT KẾ D&Acirc;Y ĐEO ĐỒNG HỒ</strong></h3>\r\n\r\n<p>Doxa D220SSV l&agrave; chiếc đồng hồ kim loại cao cấp, ch&iacute;nh v&igrave; thế sản phẩm được chế t&aacute;c ho&agrave;n to&agrave;n bằng chất liệu&nbsp;<a href=\"https://donghohaitrieu.com/tin-tuc/dong-ho/thep-khong-gi-316l-la-gi-tai-sao-duoc-su-dung-trong-che-tac-dong-ho.html\" rel=\"noopener noreferrer\" target=\"_blank\">th&eacute;p kh&ocirc;ng gỉ 316L</a>, đem đến cho người d&ugrave;ng sự bền bỉ v&agrave; vẻ ngo&agrave;i s&aacute;ng b&oacute;ng c&ugrave;ng thời gian.&nbsp;</p>\r\n\r\n<p>Nguy&ecirc;n nh&acirc;n th&eacute;p kh&ocirc;ng gỉ được thương hiệu Doxa vận dụng triệt để v&agrave;o chế t&aacute;c đồng hồ l&agrave; nhờ:</p>\r\n\r\n<p>●&nbsp;Độ cứng cao n&ecirc;n hạn chế những hậu quả xấu để lại trong c&aacute;c trường hợp như va quẹt, rơi rớt sản phẩm.</p>\r\n\r\n<p>●&nbsp;Kh&ocirc;ng bị bong tr&oacute;c, xỉn m&agrave;u v&agrave; độ bền tốt, ch&iacute;nh v&igrave; thế m&agrave; người d&ugrave;ng kh&ocirc;ng cần phải tahy d&acirc;y thường xuy&ecirc;n như chất liệu d&acirc;y da.</p>\r\n\r\n<p>●&nbsp;Kh&ocirc;ng xuất hiện mồ h&ocirc;i kh&oacute; chịu khi tiếp x&uacute;c với nước v&agrave; m&ocirc;i trường ẩm ướt.</p>\r\n\r\n<p>●&nbsp;Dễ d&agrave;ng vệ sinh v&agrave; đặc biệt c&oacute; thể đ&aacute;nh b&oacute;ng để lấy lại vẻ đẹp nguy&ecirc;n thủy của sản phẩm.</p>\r\n\r\n<p><img alt=\"Thông tin chi tiết về chiếc đồng hồ nam Doxa D220SSV - Ảnh: 4\" src=\"https://cdn3.dhht.vn/wp-content/uploads/2020/07/Thong-tin-chi-tiet-ve-chiec-dong-ho-nam-Doxa-D220SSV-5.jpg\" /></p>\r\n\r\n<p><em>Bộ phận d&acirc;y đeo của&nbsp;Doxa D220SSV được chế t&aacute;c từ nhiều mắc x&iacute;ch nhỏ đan xem với nhau</em></p>\r\n\r\n<p><em>Trung Hiếu</em></p>\r\n', 1, '1629925622_dong-ho-noi-tieng-the-gioi-olympia.jpg', 3800000, 20, 21, 4),
(7, 'Olympia Star', '', '<h2><strong>TH&Ocirc;NG TIN CHI TIẾT VỀ CHIẾC ĐỒNG HỒ NAM DOXA D220SSV</strong></h2>\r\n\r\n<p>Tuy tr&igrave;nh l&agrave;ng từ kh&aacute; sớm, khoảng từ những năm 1889, thế nhưng c&aacute;i t&ecirc;n Doxa thực sự chỉ mới du nhập v&agrave;o Việt Nam trong thời gian gần đ&acirc;y, ch&iacute;nh v&igrave; thế m&agrave; kh&ocirc;ng tr&aacute;nh khỏi việc nhiều người chưa biết đến thương hiệu n&agrave;y.</p>\r\n\r\n<p>Theo đ&oacute;, Doxa l&agrave; một trong những h&atilde;ng sản xuất đồng hồ danh gi&aacute; v&agrave; ch&iacute;nh thống của Thụy Sỹ, c&oacute; lịch sử ph&aacute;t triển hơn 130 năm v&agrave; cũng l&agrave; c&aacute;i t&ecirc;n đi đầu trong việc sử dụng&nbsp;<a href=\"https://donghohaitrieu.com/tin-tuc/dong-ho/kim-cuong-la-gi-y-nghia-kim-cuong-trong-lam-an-phong-thuy.html\" rel=\"noopener noreferrer\" target=\"_blank\">kim cương</a>&nbsp;thật l&ecirc;n&nbsp;<a href=\"https://donghohaitrieu.com/dong-ho-deo-tay-chinh-hang\" rel=\"noopener noreferrer\" target=\"_blank\">đồng hồ đeo tay</a>.</p>\r\n\r\n<p>Những thiết kế của h&atilde;ng thường kh&ocirc;ng chạy theo xu hướng thời đại, mỗi sản phẩm đều mang đậm n&eacute;t đặc trưng ri&ecirc;ng của thương hiệu n&agrave;y. Đơn cử như phi&ecirc;n bản đồng hồ Doxa nam với số hiệu Doxa D220SSV dưới đ&acirc;y.</p>\r\n\r\n<p>&nbsp;</p>\r\n\r\n<p><img alt=\"Triển lãm đồng hồ lớn nhất thế giới Baselworld mất dần sức hấp dẫn | VTV.VN\" src=\"https://vtv1.mediacdn.vn/thumb_w/650/2018/3/23/dongho230318-15217821803561915207800.jpg\" /></p>\r\n\r\n<p>Nhấn để ph&oacute;ng to ảnh</p>\r\n\r\n<h3><strong>1. THIẾT KẾ MẶT SỐ ĐỒNG HỒ</strong></h3>\r\n\r\n<p>Thoạt nh&igrave;n, tưởng chừng như cỗ m&aacute;y thời gian n&agrave;y c&oacute; thiết kế đơn giản. Tuy nhi&ecirc;n, nếu quan s&aacute;t kỹ, bạn sẽ nhận ra rằng mỗi một chi tiết đều l&agrave; kh&acirc;u chế t&aacute;c v&ocirc; c&ugrave;ng kỳ c&ocirc;ng v&agrave; tỉ mỉ, cụ thể:</p>\r\n\r\n<p><strong><em>▶&nbsp;14 vi&ecirc;n kim cương gi&aacute; trị tr&ecirc;n&nbsp;<a href=\"https://donghohaitrieu.com/tin-tuc/dong-ho/nhan-biet-cac-kieu-mat-dong-ho-deo-tay-pho-bien-nhat-hien-nay.html\" rel=\"noopener noreferrer\" target=\"_blank\">mặt đồng hồ</a></em></strong></p>\r\n\r\n<p>Kh&ocirc;ng phải 6 vi&ecirc;n hay 8 vi&ecirc;n như thường thấy, chiếc&nbsp;<a href=\"https://donghohaitrieu.com/danh-muc/dong-ho-nam\" rel=\"noopener noreferrer\" target=\"_blank\">đồng hồ nam</a>&nbsp;Doxa D220SSV lần n&agrave;y được h&atilde;ng v&ocirc; c&ugrave;ng ưu &aacute;i khi trang bị số lượng kim cương tr&ecirc;n mặt số l&ecirc;n đến 14 vi&ecirc;n.</p>\r\n\r\n<p>Đặc biệt hơn, ngay hướng 6 giờ của sản phẩm c&ograve;n xuất hiện d&ograve;ng chữ &ldquo;Genuine Diamonds&rdquo; minh chứng cho việc tất cả những vi&ecirc;n kim cương n&agrave;y đều l&agrave; kim cương tự nhi&ecirc;n, tức l&agrave; ch&uacute;ng được khai th&aacute;c từ thi&ecirc;n nhi&ecirc;n, chứ kh&ocirc;ng phải loại kim cương được tổng hợp hay chế t&aacute;c nh&acirc;n tạo.</p>\r\n\r\n<p>Điều n&agrave;y kh&ocirc;ng chỉ l&agrave;m tăng gi&aacute; trị của chiếc đồng hồ kim loại n&agrave;y m&agrave; c&ograve;n gi&uacute;p kh&iacute; chất của người chủ nh&acirc;n trở n&ecirc;n l&ocirc;i cuốn, tự tin hơn khi đeo sản phẩm tr&ecirc;n cổ tay.</p>\r\n\r\n<p><img alt=\"Thông tin chi tiết về chiếc đồng hồ nam Doxa D220SSV - Ảnh: 2\" src=\"https://cdn3.dhht.vn/wp-content/uploads/2020/07/Thong-tin-chi-tiet-ve-chiec-dong-ho-nam-Doxa-D220SSV-2.jpg\" /></p>\r\n\r\n<p><em>Những vi&ecirc;n kim cương thật c&ograve;n g&oacute;p phần l&agrave;m tăng gi&aacute; trị cho chiếc đồng hồ&nbsp; nam n&agrave;y</em></p>\r\n\r\n<p>&nbsp;</p>\r\n\r\n<p><strong><em>▶&nbsp;Họa tiết Guilloche nghệ thuật</em></strong></p>\r\n\r\n<p>Nhằm mục đ&iacute;ch tạo chiều s&acirc;u cho thiết kế mặt số v&agrave; trang tr&iacute; cho nền đồng hồ, Doxa D220SSV c&ograve;n được nh&agrave; sản xuất bố tr&iacute; th&ecirc;m sự xuất hiện của họa tiết Guilloche độc đ&aacute;o chia bề mặt sản phẩm ra l&agrave;m 2 l&ograve;ng: l&ograve;ng ngo&agrave;i v&agrave; l&ograve;ng trong.</p>\r\n\r\n<p>Cụ thể, l&ograve;ng ngo&agrave;i l&agrave; những đường tr&ograve;n đồng t&acirc;m với sự sắp xếp san s&aacute;t nhau, c&ograve;n l&ograve;ng trong l&agrave; sự xuất hiện của những đường cong theo một trật tự logic, mang đến cho người xem h&igrave;nh ảnh một đ&oacute;a hoa nhiều c&aacute;nh xuất ph&aacute;t từ t&acirc;m đồng hồ.</p>\r\n\r\n<p>Người d&ugrave;ng chỉ c&oacute; thể dễ d&agrave;ng t&igrave;m thấy họa tiết Guilloche n&agrave;y tr&ecirc;n những d&ograve;ng sản phẩm đắt tiền từ Thụy Sỹ, bởi kh&acirc;u chế t&aacute;c ch&uacute;ng rất tỉ mỉ v&agrave; tinh tế, y&ecirc;u cầu kỹ thuật v&agrave; m&aacute;y m&oacute;c phức tạp n&ecirc;n những phi&ecirc;n bản gi&aacute; rẻ thường kh&ocirc;ng đầu tư v&agrave;o họa tiết n&agrave;y.</p>\r\n\r\n<p><img alt=\"Thông tin chi tiết về chiếc đồng hồ nam Doxa D220SSV - Ảnh: 3\" src=\"https://cdn3.dhht.vn/wp-content/uploads/2020/07/Thong-tin-chi-tiet-ve-chiec-dong-ho-nam-Doxa-D220SSV-3.jpg\" /></p>\r\n\r\n<p><em>Dễ d&agrave;ng nhận thấy họa tiết Guilloch&eacute; v&ocirc; c&ugrave;ng phức tạp tr&ecirc;n mặt số đồng hồ</em></p>\r\n\r\n<p>&nbsp;</p>\r\n\r\n<p><strong><em>▶&nbsp;Vẫn l&agrave; mặt k&iacute;nh sapphire chống trầy thường thấy</em></strong></p>\r\n\r\n<p>Kh&ocirc;ng phải tự dưng m&agrave; k&iacute;nh saphire lại được c&aacute;c thương hiệu Thụy Sỹ từ b&igrave;nh d&acirc;n đến nổi tiếng chọn để trang bị cho c&aacute;c sản phẩm của m&igrave;nh. Nguy&ecirc;n nh&acirc;n nh&agrave; nhờ những ưu điểm nổi trội của&nbsp;<a href=\"https://donghohaitrieu.com/tin-tuc/dong-ho/toan-bo-su-that-ve-mat-kinh-sapphire-cua-dong-ho.html\" rel=\"noopener noreferrer\" target=\"_blank\">sapphire</a>&nbsp;so với c&aacute;c loại k&iacute;nh kh&aacute;c tr&ecirc;n thị trường, cụ thể:</p>\r\n\r\n<p>Khả năng hạn chế trầy xước cao, những va quẹt hằng ng&agrave;y giờ đ&acirc;y kh&ocirc;ng c&ograve;n l&agrave; vấn đề đ&aacute;ng quan ngại.</p>\r\n\r\n<p>Độ cứng tốt, chỉ đứng sau kim cương trong bảng xếp hạng Mohs.</p>\r\n\r\n<p>Đặc biệt đ&oacute; ch&iacute;nh l&agrave; sự hiển thị trong suốt, cho c&aacute;c chi tiết thời gian b&ecirc;n tr&ecirc;n mặt số được r&otilde; n&eacute;t hơn bao giờ hết.</p>\r\n\r\n<h3><strong>2. THIẾT KẾ D&Acirc;Y ĐEO ĐỒNG HỒ</strong></h3>\r\n\r\n<p>Doxa D220SSV l&agrave; chiếc đồng hồ kim loại cao cấp, ch&iacute;nh v&igrave; thế sản phẩm được chế t&aacute;c ho&agrave;n to&agrave;n bằng chất liệu&nbsp;<a href=\"https://donghohaitrieu.com/tin-tuc/dong-ho/thep-khong-gi-316l-la-gi-tai-sao-duoc-su-dung-trong-che-tac-dong-ho.html\" rel=\"noopener noreferrer\" target=\"_blank\">th&eacute;p kh&ocirc;ng gỉ 316L</a>, đem đến cho người d&ugrave;ng sự bền bỉ v&agrave; vẻ ngo&agrave;i s&aacute;ng b&oacute;ng c&ugrave;ng thời gian.&nbsp;</p>\r\n\r\n<p>Nguy&ecirc;n nh&acirc;n th&eacute;p kh&ocirc;ng gỉ được thương hiệu Doxa vận dụng triệt để v&agrave;o chế t&aacute;c đồng hồ l&agrave; nhờ:</p>\r\n\r\n<p>●&nbsp;Độ cứng cao n&ecirc;n hạn chế những hậu quả xấu để lại trong c&aacute;c trường hợp như va quẹt, rơi rớt sản phẩm.</p>\r\n\r\n<p>●&nbsp;Kh&ocirc;ng bị bong tr&oacute;c, xỉn m&agrave;u v&agrave; độ bền tốt, ch&iacute;nh v&igrave; thế m&agrave; người d&ugrave;ng kh&ocirc;ng cần phải tahy d&acirc;y thường xuy&ecirc;n như chất liệu d&acirc;y da.</p>\r\n\r\n<p>●&nbsp;Kh&ocirc;ng xuất hiện mồ h&ocirc;i kh&oacute; chịu khi tiếp x&uacute;c với nước v&agrave; m&ocirc;i trường ẩm ướt.</p>\r\n\r\n<p>●&nbsp;Dễ d&agrave;ng vệ sinh v&agrave; đặc biệt c&oacute; thể đ&aacute;nh b&oacute;ng để lấy lại vẻ đẹp nguy&ecirc;n thủy của sản phẩm.</p>\r\n\r\n<p><img alt=\"Thông tin chi tiết về chiếc đồng hồ nam Doxa D220SSV - Ảnh: 4\" src=\"https://cdn3.dhht.vn/wp-content/uploads/2020/07/Thong-tin-chi-tiet-ve-chiec-dong-ho-nam-Doxa-D220SSV-5.jpg\" /></p>\r\n\r\n<p><em>Bộ phận d&acirc;y đeo của&nbsp;Doxa D220SSV được chế t&aacute;c từ nhiều mắc x&iacute;ch nhỏ đan xem với nhau</em></p>\r\n\r\n<p><em>Trung Hiếu</em></p>\r\n', 1, '1629925681_dong-ho-noi-tieng-the-gioi-MK.jpg', 3900000, 20, 21, 1),
(8, 'Ogival N50', '', '<h2><strong>TH&Ocirc;NG TIN CHI TIẾT VỀ CHIẾC ĐỒNG HỒ NAM DOXA D220SSV</strong></h2>\r\n\r\n<p>Tuy tr&igrave;nh l&agrave;ng từ kh&aacute; sớm, khoảng từ những năm 1889, thế nhưng c&aacute;i t&ecirc;n Doxa thực sự chỉ mới du nhập v&agrave;o Việt Nam trong thời gian gần đ&acirc;y, ch&iacute;nh v&igrave; thế m&agrave; kh&ocirc;ng tr&aacute;nh khỏi việc nhiều người chưa biết đến thương hiệu n&agrave;y.</p>\r\n\r\n<p>Theo đ&oacute;, Doxa l&agrave; một trong những h&atilde;ng sản xuất đồng hồ danh gi&aacute; v&agrave; ch&iacute;nh thống của Thụy Sỹ, c&oacute; lịch sử ph&aacute;t triển hơn 130 năm v&agrave; cũng l&agrave; c&aacute;i t&ecirc;n đi đầu trong việc sử dụng&nbsp;<a href=\"https://donghohaitrieu.com/tin-tuc/dong-ho/kim-cuong-la-gi-y-nghia-kim-cuong-trong-lam-an-phong-thuy.html\" rel=\"noopener noreferrer\" target=\"_blank\">kim cương</a>&nbsp;thật l&ecirc;n&nbsp;<a href=\"https://donghohaitrieu.com/dong-ho-deo-tay-chinh-hang\" rel=\"noopener noreferrer\" target=\"_blank\">đồng hồ đeo tay</a>.</p>\r\n\r\n<p>Những thiết kế của h&atilde;ng thường kh&ocirc;ng chạy theo xu hướng thời đại, mỗi sản phẩm đều mang đậm n&eacute;t đặc trưng ri&ecirc;ng của thương hiệu n&agrave;y. Đơn cử như phi&ecirc;n bản đồng hồ Doxa nam với số hiệu Doxa D220SSV dưới đ&acirc;y.</p>\r\n\r\n<p>&nbsp;</p>\r\n\r\n<p><img alt=\"Triển lãm đồng hồ lớn nhất thế giới Baselworld mất dần sức hấp dẫn | VTV.VN\" src=\"https://vtv1.mediacdn.vn/thumb_w/650/2018/3/23/dongho230318-15217821803561915207800.jpg\" /></p>\r\n\r\n<p>Nhấn để ph&oacute;ng to ảnh</p>\r\n\r\n<h3><strong>1. THIẾT KẾ MẶT SỐ ĐỒNG HỒ</strong></h3>\r\n\r\n<p>Thoạt nh&igrave;n, tưởng chừng như cỗ m&aacute;y thời gian n&agrave;y c&oacute; thiết kế đơn giản. Tuy nhi&ecirc;n, nếu quan s&aacute;t kỹ, bạn sẽ nhận ra rằng mỗi một chi tiết đều l&agrave; kh&acirc;u chế t&aacute;c v&ocirc; c&ugrave;ng kỳ c&ocirc;ng v&agrave; tỉ mỉ, cụ thể:</p>\r\n\r\n<p><strong><em>▶&nbsp;14 vi&ecirc;n kim cương gi&aacute; trị tr&ecirc;n&nbsp;<a href=\"https://donghohaitrieu.com/tin-tuc/dong-ho/nhan-biet-cac-kieu-mat-dong-ho-deo-tay-pho-bien-nhat-hien-nay.html\" rel=\"noopener noreferrer\" target=\"_blank\">mặt đồng hồ</a></em></strong></p>\r\n\r\n<p>Kh&ocirc;ng phải 6 vi&ecirc;n hay 8 vi&ecirc;n như thường thấy, chiếc&nbsp;<a href=\"https://donghohaitrieu.com/danh-muc/dong-ho-nam\" rel=\"noopener noreferrer\" target=\"_blank\">đồng hồ nam</a>&nbsp;Doxa D220SSV lần n&agrave;y được h&atilde;ng v&ocirc; c&ugrave;ng ưu &aacute;i khi trang bị số lượng kim cương tr&ecirc;n mặt số l&ecirc;n đến 14 vi&ecirc;n.</p>\r\n\r\n<p>Đặc biệt hơn, ngay hướng 6 giờ của sản phẩm c&ograve;n xuất hiện d&ograve;ng chữ &ldquo;Genuine Diamonds&rdquo; minh chứng cho việc tất cả những vi&ecirc;n kim cương n&agrave;y đều l&agrave; kim cương tự nhi&ecirc;n, tức l&agrave; ch&uacute;ng được khai th&aacute;c từ thi&ecirc;n nhi&ecirc;n, chứ kh&ocirc;ng phải loại kim cương được tổng hợp hay chế t&aacute;c nh&acirc;n tạo.</p>\r\n\r\n<p>Điều n&agrave;y kh&ocirc;ng chỉ l&agrave;m tăng gi&aacute; trị của chiếc đồng hồ kim loại n&agrave;y m&agrave; c&ograve;n gi&uacute;p kh&iacute; chất của người chủ nh&acirc;n trở n&ecirc;n l&ocirc;i cuốn, tự tin hơn khi đeo sản phẩm tr&ecirc;n cổ tay.</p>\r\n\r\n<p><img alt=\"Thông tin chi tiết về chiếc đồng hồ nam Doxa D220SSV - Ảnh: 2\" src=\"https://cdn3.dhht.vn/wp-content/uploads/2020/07/Thong-tin-chi-tiet-ve-chiec-dong-ho-nam-Doxa-D220SSV-2.jpg\" /></p>\r\n\r\n<p><em>Những vi&ecirc;n kim cương thật c&ograve;n g&oacute;p phần l&agrave;m tăng gi&aacute; trị cho chiếc đồng hồ&nbsp; nam n&agrave;y</em></p>\r\n\r\n<p>&nbsp;</p>\r\n\r\n<p><strong><em>▶&nbsp;Họa tiết Guilloche nghệ thuật</em></strong></p>\r\n\r\n<p>Nhằm mục đ&iacute;ch tạo chiều s&acirc;u cho thiết kế mặt số v&agrave; trang tr&iacute; cho nền đồng hồ, Doxa D220SSV c&ograve;n được nh&agrave; sản xuất bố tr&iacute; th&ecirc;m sự xuất hiện của họa tiết Guilloche độc đ&aacute;o chia bề mặt sản phẩm ra l&agrave;m 2 l&ograve;ng: l&ograve;ng ngo&agrave;i v&agrave; l&ograve;ng trong.</p>\r\n\r\n<p>Cụ thể, l&ograve;ng ngo&agrave;i l&agrave; những đường tr&ograve;n đồng t&acirc;m với sự sắp xếp san s&aacute;t nhau, c&ograve;n l&ograve;ng trong l&agrave; sự xuất hiện của những đường cong theo một trật tự logic, mang đến cho người xem h&igrave;nh ảnh một đ&oacute;a hoa nhiều c&aacute;nh xuất ph&aacute;t từ t&acirc;m đồng hồ.</p>\r\n\r\n<p>Người d&ugrave;ng chỉ c&oacute; thể dễ d&agrave;ng t&igrave;m thấy họa tiết Guilloche n&agrave;y tr&ecirc;n những d&ograve;ng sản phẩm đắt tiền từ Thụy Sỹ, bởi kh&acirc;u chế t&aacute;c ch&uacute;ng rất tỉ mỉ v&agrave; tinh tế, y&ecirc;u cầu kỹ thuật v&agrave; m&aacute;y m&oacute;c phức tạp n&ecirc;n những phi&ecirc;n bản gi&aacute; rẻ thường kh&ocirc;ng đầu tư v&agrave;o họa tiết n&agrave;y.</p>\r\n\r\n<p><img alt=\"Thông tin chi tiết về chiếc đồng hồ nam Doxa D220SSV - Ảnh: 3\" src=\"https://cdn3.dhht.vn/wp-content/uploads/2020/07/Thong-tin-chi-tiet-ve-chiec-dong-ho-nam-Doxa-D220SSV-3.jpg\" /></p>\r\n\r\n<p><em>Dễ d&agrave;ng nhận thấy họa tiết Guilloch&eacute; v&ocirc; c&ugrave;ng phức tạp tr&ecirc;n mặt số đồng hồ</em></p>\r\n\r\n<p>&nbsp;</p>\r\n\r\n<p><strong><em>▶&nbsp;Vẫn l&agrave; mặt k&iacute;nh sapphire chống trầy thường thấy</em></strong></p>\r\n\r\n<p>Kh&ocirc;ng phải tự dưng m&agrave; k&iacute;nh saphire lại được c&aacute;c thương hiệu Thụy Sỹ từ b&igrave;nh d&acirc;n đến nổi tiếng chọn để trang bị cho c&aacute;c sản phẩm của m&igrave;nh. Nguy&ecirc;n nh&acirc;n nh&agrave; nhờ những ưu điểm nổi trội của&nbsp;<a href=\"https://donghohaitrieu.com/tin-tuc/dong-ho/toan-bo-su-that-ve-mat-kinh-sapphire-cua-dong-ho.html\" rel=\"noopener noreferrer\" target=\"_blank\">sapphire</a>&nbsp;so với c&aacute;c loại k&iacute;nh kh&aacute;c tr&ecirc;n thị trường, cụ thể:</p>\r\n\r\n<p>Khả năng hạn chế trầy xước cao, những va quẹt hằng ng&agrave;y giờ đ&acirc;y kh&ocirc;ng c&ograve;n l&agrave; vấn đề đ&aacute;ng quan ngại.</p>\r\n\r\n<p>Độ cứng tốt, chỉ đứng sau kim cương trong bảng xếp hạng Mohs.</p>\r\n\r\n<p>Đặc biệt đ&oacute; ch&iacute;nh l&agrave; sự hiển thị trong suốt, cho c&aacute;c chi tiết thời gian b&ecirc;n tr&ecirc;n mặt số được r&otilde; n&eacute;t hơn bao giờ hết.</p>\r\n\r\n<h3><strong>2. THIẾT KẾ D&Acirc;Y ĐEO ĐỒNG HỒ</strong></h3>\r\n\r\n<p>Doxa D220SSV l&agrave; chiếc đồng hồ kim loại cao cấp, ch&iacute;nh v&igrave; thế sản phẩm được chế t&aacute;c ho&agrave;n to&agrave;n bằng chất liệu&nbsp;<a href=\"https://donghohaitrieu.com/tin-tuc/dong-ho/thep-khong-gi-316l-la-gi-tai-sao-duoc-su-dung-trong-che-tac-dong-ho.html\" rel=\"noopener noreferrer\" target=\"_blank\">th&eacute;p kh&ocirc;ng gỉ 316L</a>, đem đến cho người d&ugrave;ng sự bền bỉ v&agrave; vẻ ngo&agrave;i s&aacute;ng b&oacute;ng c&ugrave;ng thời gian.&nbsp;</p>\r\n\r\n<p>Nguy&ecirc;n nh&acirc;n th&eacute;p kh&ocirc;ng gỉ được thương hiệu Doxa vận dụng triệt để v&agrave;o chế t&aacute;c đồng hồ l&agrave; nhờ:</p>\r\n\r\n<p>●&nbsp;Độ cứng cao n&ecirc;n hạn chế những hậu quả xấu để lại trong c&aacute;c trường hợp như va quẹt, rơi rớt sản phẩm.</p>\r\n\r\n<p>●&nbsp;Kh&ocirc;ng bị bong tr&oacute;c, xỉn m&agrave;u v&agrave; độ bền tốt, ch&iacute;nh v&igrave; thế m&agrave; người d&ugrave;ng kh&ocirc;ng cần phải tahy d&acirc;y thường xuy&ecirc;n như chất liệu d&acirc;y da.</p>\r\n\r\n<p>●&nbsp;Kh&ocirc;ng xuất hiện mồ h&ocirc;i kh&oacute; chịu khi tiếp x&uacute;c với nước v&agrave; m&ocirc;i trường ẩm ướt.</p>\r\n\r\n<p>●&nbsp;Dễ d&agrave;ng vệ sinh v&agrave; đặc biệt c&oacute; thể đ&aacute;nh b&oacute;ng để lấy lại vẻ đẹp nguy&ecirc;n thủy của sản phẩm.</p>\r\n\r\n<p><img alt=\"Thông tin chi tiết về chiếc đồng hồ nam Doxa D220SSV - Ảnh: 4\" src=\"https://cdn3.dhht.vn/wp-content/uploads/2020/07/Thong-tin-chi-tiet-ve-chiec-dong-ho-nam-Doxa-D220SSV-5.jpg\" /></p>\r\n\r\n<p><em>Bộ phận d&acirc;y đeo của&nbsp;Doxa D220SSV được chế t&aacute;c từ nhiều mắc x&iacute;ch nhỏ đan xem với nhau</em></p>\r\n\r\n<p><em>Trung Hiếu</em></p>\r\n', 0, '1629925725_dong-ho-noi-tieng-the-gioi-ogival.jpg', 3100000, 25, 21, 2);
INSERT INTO `products` (`id`, `name`, `about`, `content`, `hot`, `photo`, `price`, `discount`, `category_id`, `fields_id`) VALUES
(9, 'Fossil A1', '', '<h2><strong>TH&Ocirc;NG TIN CHI TIẾT VỀ CHIẾC ĐỒNG HỒ NAM DOXA D220SSV</strong></h2>\r\n\r\n<p>Tuy tr&igrave;nh l&agrave;ng từ kh&aacute; sớm, khoảng từ những năm 1889, thế nhưng c&aacute;i t&ecirc;n Doxa thực sự chỉ mới du nhập v&agrave;o Việt Nam trong thời gian gần đ&acirc;y, ch&iacute;nh v&igrave; thế m&agrave; kh&ocirc;ng tr&aacute;nh khỏi việc nhiều người chưa biết đến thương hiệu n&agrave;y.</p>\r\n\r\n<p>Theo đ&oacute;, Doxa l&agrave; một trong những h&atilde;ng sản xuất đồng hồ danh gi&aacute; v&agrave; ch&iacute;nh thống của Thụy Sỹ, c&oacute; lịch sử ph&aacute;t triển hơn 130 năm v&agrave; cũng l&agrave; c&aacute;i t&ecirc;n đi đầu trong việc sử dụng&nbsp;<a href=\"https://donghohaitrieu.com/tin-tuc/dong-ho/kim-cuong-la-gi-y-nghia-kim-cuong-trong-lam-an-phong-thuy.html\" rel=\"noopener noreferrer\" target=\"_blank\">kim cương</a>&nbsp;thật l&ecirc;n&nbsp;<a href=\"https://donghohaitrieu.com/dong-ho-deo-tay-chinh-hang\" rel=\"noopener noreferrer\" target=\"_blank\">đồng hồ đeo tay</a>.</p>\r\n\r\n<p>Những thiết kế của h&atilde;ng thường kh&ocirc;ng chạy theo xu hướng thời đại, mỗi sản phẩm đều mang đậm n&eacute;t đặc trưng ri&ecirc;ng của thương hiệu n&agrave;y. Đơn cử như phi&ecirc;n bản đồng hồ Doxa nam với số hiệu Doxa D220SSV dưới đ&acirc;y.</p>\r\n\r\n<p>&nbsp;</p>\r\n\r\n<p><img alt=\"Triển lãm đồng hồ lớn nhất thế giới Baselworld mất dần sức hấp dẫn | VTV.VN\" src=\"https://vtv1.mediacdn.vn/thumb_w/650/2018/3/23/dongho230318-15217821803561915207800.jpg\" /></p>\r\n\r\n<p>Nhấn để ph&oacute;ng to ảnh</p>\r\n\r\n<h3><strong>1. THIẾT KẾ MẶT SỐ ĐỒNG HỒ</strong></h3>\r\n\r\n<p>Thoạt nh&igrave;n, tưởng chừng như cỗ m&aacute;y thời gian n&agrave;y c&oacute; thiết kế đơn giản. Tuy nhi&ecirc;n, nếu quan s&aacute;t kỹ, bạn sẽ nhận ra rằng mỗi một chi tiết đều l&agrave; kh&acirc;u chế t&aacute;c v&ocirc; c&ugrave;ng kỳ c&ocirc;ng v&agrave; tỉ mỉ, cụ thể:</p>\r\n\r\n<p><strong><em>▶&nbsp;14 vi&ecirc;n kim cương gi&aacute; trị tr&ecirc;n&nbsp;<a href=\"https://donghohaitrieu.com/tin-tuc/dong-ho/nhan-biet-cac-kieu-mat-dong-ho-deo-tay-pho-bien-nhat-hien-nay.html\" rel=\"noopener noreferrer\" target=\"_blank\">mặt đồng hồ</a></em></strong></p>\r\n\r\n<p>Kh&ocirc;ng phải 6 vi&ecirc;n hay 8 vi&ecirc;n như thường thấy, chiếc&nbsp;<a href=\"https://donghohaitrieu.com/danh-muc/dong-ho-nam\" rel=\"noopener noreferrer\" target=\"_blank\">đồng hồ nam</a>&nbsp;Doxa D220SSV lần n&agrave;y được h&atilde;ng v&ocirc; c&ugrave;ng ưu &aacute;i khi trang bị số lượng kim cương tr&ecirc;n mặt số l&ecirc;n đến 14 vi&ecirc;n.</p>\r\n\r\n<p>Đặc biệt hơn, ngay hướng 6 giờ của sản phẩm c&ograve;n xuất hiện d&ograve;ng chữ &ldquo;Genuine Diamonds&rdquo; minh chứng cho việc tất cả những vi&ecirc;n kim cương n&agrave;y đều l&agrave; kim cương tự nhi&ecirc;n, tức l&agrave; ch&uacute;ng được khai th&aacute;c từ thi&ecirc;n nhi&ecirc;n, chứ kh&ocirc;ng phải loại kim cương được tổng hợp hay chế t&aacute;c nh&acirc;n tạo.</p>\r\n\r\n<p>Điều n&agrave;y kh&ocirc;ng chỉ l&agrave;m tăng gi&aacute; trị của chiếc đồng hồ kim loại n&agrave;y m&agrave; c&ograve;n gi&uacute;p kh&iacute; chất của người chủ nh&acirc;n trở n&ecirc;n l&ocirc;i cuốn, tự tin hơn khi đeo sản phẩm tr&ecirc;n cổ tay.</p>\r\n\r\n<p><img alt=\"Thông tin chi tiết về chiếc đồng hồ nam Doxa D220SSV - Ảnh: 2\" src=\"https://cdn3.dhht.vn/wp-content/uploads/2020/07/Thong-tin-chi-tiet-ve-chiec-dong-ho-nam-Doxa-D220SSV-2.jpg\" /></p>\r\n\r\n<p><em>Những vi&ecirc;n kim cương thật c&ograve;n g&oacute;p phần l&agrave;m tăng gi&aacute; trị cho chiếc đồng hồ&nbsp; nam n&agrave;y</em></p>\r\n\r\n<p>&nbsp;</p>\r\n\r\n<p><strong><em>▶&nbsp;Họa tiết Guilloche nghệ thuật</em></strong></p>\r\n\r\n<p>Nhằm mục đ&iacute;ch tạo chiều s&acirc;u cho thiết kế mặt số v&agrave; trang tr&iacute; cho nền đồng hồ, Doxa D220SSV c&ograve;n được nh&agrave; sản xuất bố tr&iacute; th&ecirc;m sự xuất hiện của họa tiết Guilloche độc đ&aacute;o chia bề mặt sản phẩm ra l&agrave;m 2 l&ograve;ng: l&ograve;ng ngo&agrave;i v&agrave; l&ograve;ng trong.</p>\r\n\r\n<p>Cụ thể, l&ograve;ng ngo&agrave;i l&agrave; những đường tr&ograve;n đồng t&acirc;m với sự sắp xếp san s&aacute;t nhau, c&ograve;n l&ograve;ng trong l&agrave; sự xuất hiện của những đường cong theo một trật tự logic, mang đến cho người xem h&igrave;nh ảnh một đ&oacute;a hoa nhiều c&aacute;nh xuất ph&aacute;t từ t&acirc;m đồng hồ.</p>\r\n\r\n<p>Người d&ugrave;ng chỉ c&oacute; thể dễ d&agrave;ng t&igrave;m thấy họa tiết Guilloche n&agrave;y tr&ecirc;n những d&ograve;ng sản phẩm đắt tiền từ Thụy Sỹ, bởi kh&acirc;u chế t&aacute;c ch&uacute;ng rất tỉ mỉ v&agrave; tinh tế, y&ecirc;u cầu kỹ thuật v&agrave; m&aacute;y m&oacute;c phức tạp n&ecirc;n những phi&ecirc;n bản gi&aacute; rẻ thường kh&ocirc;ng đầu tư v&agrave;o họa tiết n&agrave;y.</p>\r\n\r\n<p><img alt=\"Thông tin chi tiết về chiếc đồng hồ nam Doxa D220SSV - Ảnh: 3\" src=\"https://cdn3.dhht.vn/wp-content/uploads/2020/07/Thong-tin-chi-tiet-ve-chiec-dong-ho-nam-Doxa-D220SSV-3.jpg\" /></p>\r\n\r\n<p><em>Dễ d&agrave;ng nhận thấy họa tiết Guilloch&eacute; v&ocirc; c&ugrave;ng phức tạp tr&ecirc;n mặt số đồng hồ</em></p>\r\n\r\n<p>&nbsp;</p>\r\n\r\n<p><strong><em>▶&nbsp;Vẫn l&agrave; mặt k&iacute;nh sapphire chống trầy thường thấy</em></strong></p>\r\n\r\n<p>Kh&ocirc;ng phải tự dưng m&agrave; k&iacute;nh saphire lại được c&aacute;c thương hiệu Thụy Sỹ từ b&igrave;nh d&acirc;n đến nổi tiếng chọn để trang bị cho c&aacute;c sản phẩm của m&igrave;nh. Nguy&ecirc;n nh&acirc;n nh&agrave; nhờ những ưu điểm nổi trội của&nbsp;<a href=\"https://donghohaitrieu.com/tin-tuc/dong-ho/toan-bo-su-that-ve-mat-kinh-sapphire-cua-dong-ho.html\" rel=\"noopener noreferrer\" target=\"_blank\">sapphire</a>&nbsp;so với c&aacute;c loại k&iacute;nh kh&aacute;c tr&ecirc;n thị trường, cụ thể:</p>\r\n\r\n<p>Khả năng hạn chế trầy xước cao, những va quẹt hằng ng&agrave;y giờ đ&acirc;y kh&ocirc;ng c&ograve;n l&agrave; vấn đề đ&aacute;ng quan ngại.</p>\r\n\r\n<p>Độ cứng tốt, chỉ đứng sau kim cương trong bảng xếp hạng Mohs.</p>\r\n\r\n<p>Đặc biệt đ&oacute; ch&iacute;nh l&agrave; sự hiển thị trong suốt, cho c&aacute;c chi tiết thời gian b&ecirc;n tr&ecirc;n mặt số được r&otilde; n&eacute;t hơn bao giờ hết.</p>\r\n\r\n<h3><strong>2. THIẾT KẾ D&Acirc;Y ĐEO ĐỒNG HỒ</strong></h3>\r\n\r\n<p>Doxa D220SSV l&agrave; chiếc đồng hồ kim loại cao cấp, ch&iacute;nh v&igrave; thế sản phẩm được chế t&aacute;c ho&agrave;n to&agrave;n bằng chất liệu&nbsp;<a href=\"https://donghohaitrieu.com/tin-tuc/dong-ho/thep-khong-gi-316l-la-gi-tai-sao-duoc-su-dung-trong-che-tac-dong-ho.html\" rel=\"noopener noreferrer\" target=\"_blank\">th&eacute;p kh&ocirc;ng gỉ 316L</a>, đem đến cho người d&ugrave;ng sự bền bỉ v&agrave; vẻ ngo&agrave;i s&aacute;ng b&oacute;ng c&ugrave;ng thời gian.&nbsp;</p>\r\n\r\n<p>Nguy&ecirc;n nh&acirc;n th&eacute;p kh&ocirc;ng gỉ được thương hiệu Doxa vận dụng triệt để v&agrave;o chế t&aacute;c đồng hồ l&agrave; nhờ:</p>\r\n\r\n<p>●&nbsp;Độ cứng cao n&ecirc;n hạn chế những hậu quả xấu để lại trong c&aacute;c trường hợp như va quẹt, rơi rớt sản phẩm.</p>\r\n\r\n<p>●&nbsp;Kh&ocirc;ng bị bong tr&oacute;c, xỉn m&agrave;u v&agrave; độ bền tốt, ch&iacute;nh v&igrave; thế m&agrave; người d&ugrave;ng kh&ocirc;ng cần phải tahy d&acirc;y thường xuy&ecirc;n như chất liệu d&acirc;y da.</p>\r\n\r\n<p>●&nbsp;Kh&ocirc;ng xuất hiện mồ h&ocirc;i kh&oacute; chịu khi tiếp x&uacute;c với nước v&agrave; m&ocirc;i trường ẩm ướt.</p>\r\n\r\n<p>●&nbsp;Dễ d&agrave;ng vệ sinh v&agrave; đặc biệt c&oacute; thể đ&aacute;nh b&oacute;ng để lấy lại vẻ đẹp nguy&ecirc;n thủy của sản phẩm.</p>\r\n\r\n<p><img alt=\"Thông tin chi tiết về chiếc đồng hồ nam Doxa D220SSV - Ảnh: 4\" src=\"https://cdn3.dhht.vn/wp-content/uploads/2020/07/Thong-tin-chi-tiet-ve-chiec-dong-ho-nam-Doxa-D220SSV-5.jpg\" /></p>\r\n\r\n<p><em>Bộ phận d&acirc;y đeo của&nbsp;Doxa D220SSV được chế t&aacute;c từ nhiều mắc x&iacute;ch nhỏ đan xem với nhau</em></p>\r\n\r\n<p><em>Trung Hiếu</em></p>\r\n', 1, '1629925781_dong-ho-noi-tieng-the-gioi-fossil.jpg', 2300000, 6, 22, 4),
(10, 'Michael Kors M50', '', '<h2><strong>TH&Ocirc;NG TIN CHI TIẾT VỀ CHIẾC ĐỒNG HỒ NAM DOXA D220SSV</strong></h2>\r\n\r\n<p>Tuy tr&igrave;nh l&agrave;ng từ kh&aacute; sớm, khoảng từ những năm 1889, thế nhưng c&aacute;i t&ecirc;n Doxa thực sự chỉ mới du nhập v&agrave;o Việt Nam trong thời gian gần đ&acirc;y, ch&iacute;nh v&igrave; thế m&agrave; kh&ocirc;ng tr&aacute;nh khỏi việc nhiều người chưa biết đến thương hiệu n&agrave;y.</p>\r\n\r\n<p>Theo đ&oacute;, Doxa l&agrave; một trong những h&atilde;ng sản xuất đồng hồ danh gi&aacute; v&agrave; ch&iacute;nh thống của Thụy Sỹ, c&oacute; lịch sử ph&aacute;t triển hơn 130 năm v&agrave; cũng l&agrave; c&aacute;i t&ecirc;n đi đầu trong việc sử dụng&nbsp;<a href=\"https://donghohaitrieu.com/tin-tuc/dong-ho/kim-cuong-la-gi-y-nghia-kim-cuong-trong-lam-an-phong-thuy.html\" rel=\"noopener noreferrer\" target=\"_blank\">kim cương</a>&nbsp;thật l&ecirc;n&nbsp;<a href=\"https://donghohaitrieu.com/dong-ho-deo-tay-chinh-hang\" rel=\"noopener noreferrer\" target=\"_blank\">đồng hồ đeo tay</a>.</p>\r\n\r\n<p>Những thiết kế của h&atilde;ng thường kh&ocirc;ng chạy theo xu hướng thời đại, mỗi sản phẩm đều mang đậm n&eacute;t đặc trưng ri&ecirc;ng của thương hiệu n&agrave;y. Đơn cử như phi&ecirc;n bản đồng hồ Doxa nam với số hiệu Doxa D220SSV dưới đ&acirc;y.</p>\r\n\r\n<p>&nbsp;</p>\r\n\r\n<p><img alt=\"Triển lãm đồng hồ lớn nhất thế giới Baselworld mất dần sức hấp dẫn | VTV.VN\" src=\"https://vtv1.mediacdn.vn/thumb_w/650/2018/3/23/dongho230318-15217821803561915207800.jpg\" /></p>\r\n\r\n<p>Nhấn để ph&oacute;ng to ảnh</p>\r\n\r\n<h3><strong>1. THIẾT KẾ MẶT SỐ ĐỒNG HỒ</strong></h3>\r\n\r\n<p>Thoạt nh&igrave;n, tưởng chừng như cỗ m&aacute;y thời gian n&agrave;y c&oacute; thiết kế đơn giản. Tuy nhi&ecirc;n, nếu quan s&aacute;t kỹ, bạn sẽ nhận ra rằng mỗi một chi tiết đều l&agrave; kh&acirc;u chế t&aacute;c v&ocirc; c&ugrave;ng kỳ c&ocirc;ng v&agrave; tỉ mỉ, cụ thể:</p>\r\n\r\n<p><strong><em>▶&nbsp;14 vi&ecirc;n kim cương gi&aacute; trị tr&ecirc;n&nbsp;<a href=\"https://donghohaitrieu.com/tin-tuc/dong-ho/nhan-biet-cac-kieu-mat-dong-ho-deo-tay-pho-bien-nhat-hien-nay.html\" rel=\"noopener noreferrer\" target=\"_blank\">mặt đồng hồ</a></em></strong></p>\r\n\r\n<p>Kh&ocirc;ng phải 6 vi&ecirc;n hay 8 vi&ecirc;n như thường thấy, chiếc&nbsp;<a href=\"https://donghohaitrieu.com/danh-muc/dong-ho-nam\" rel=\"noopener noreferrer\" target=\"_blank\">đồng hồ nam</a>&nbsp;Doxa D220SSV lần n&agrave;y được h&atilde;ng v&ocirc; c&ugrave;ng ưu &aacute;i khi trang bị số lượng kim cương tr&ecirc;n mặt số l&ecirc;n đến 14 vi&ecirc;n.</p>\r\n\r\n<p>Đặc biệt hơn, ngay hướng 6 giờ của sản phẩm c&ograve;n xuất hiện d&ograve;ng chữ &ldquo;Genuine Diamonds&rdquo; minh chứng cho việc tất cả những vi&ecirc;n kim cương n&agrave;y đều l&agrave; kim cương tự nhi&ecirc;n, tức l&agrave; ch&uacute;ng được khai th&aacute;c từ thi&ecirc;n nhi&ecirc;n, chứ kh&ocirc;ng phải loại kim cương được tổng hợp hay chế t&aacute;c nh&acirc;n tạo.</p>\r\n\r\n<p>Điều n&agrave;y kh&ocirc;ng chỉ l&agrave;m tăng gi&aacute; trị của chiếc đồng hồ kim loại n&agrave;y m&agrave; c&ograve;n gi&uacute;p kh&iacute; chất của người chủ nh&acirc;n trở n&ecirc;n l&ocirc;i cuốn, tự tin hơn khi đeo sản phẩm tr&ecirc;n cổ tay.</p>\r\n\r\n<p><img alt=\"Thông tin chi tiết về chiếc đồng hồ nam Doxa D220SSV - Ảnh: 2\" src=\"https://cdn3.dhht.vn/wp-content/uploads/2020/07/Thong-tin-chi-tiet-ve-chiec-dong-ho-nam-Doxa-D220SSV-2.jpg\" /></p>\r\n\r\n<p><em>Những vi&ecirc;n kim cương thật c&ograve;n g&oacute;p phần l&agrave;m tăng gi&aacute; trị cho chiếc đồng hồ&nbsp; nam n&agrave;y</em></p>\r\n\r\n<p>&nbsp;</p>\r\n\r\n<p><strong><em>▶&nbsp;Họa tiết Guilloche nghệ thuật</em></strong></p>\r\n\r\n<p>Nhằm mục đ&iacute;ch tạo chiều s&acirc;u cho thiết kế mặt số v&agrave; trang tr&iacute; cho nền đồng hồ, Doxa D220SSV c&ograve;n được nh&agrave; sản xuất bố tr&iacute; th&ecirc;m sự xuất hiện của họa tiết Guilloche độc đ&aacute;o chia bề mặt sản phẩm ra l&agrave;m 2 l&ograve;ng: l&ograve;ng ngo&agrave;i v&agrave; l&ograve;ng trong.</p>\r\n\r\n<p>Cụ thể, l&ograve;ng ngo&agrave;i l&agrave; những đường tr&ograve;n đồng t&acirc;m với sự sắp xếp san s&aacute;t nhau, c&ograve;n l&ograve;ng trong l&agrave; sự xuất hiện của những đường cong theo một trật tự logic, mang đến cho người xem h&igrave;nh ảnh một đ&oacute;a hoa nhiều c&aacute;nh xuất ph&aacute;t từ t&acirc;m đồng hồ.</p>\r\n\r\n<p>Người d&ugrave;ng chỉ c&oacute; thể dễ d&agrave;ng t&igrave;m thấy họa tiết Guilloche n&agrave;y tr&ecirc;n những d&ograve;ng sản phẩm đắt tiền từ Thụy Sỹ, bởi kh&acirc;u chế t&aacute;c ch&uacute;ng rất tỉ mỉ v&agrave; tinh tế, y&ecirc;u cầu kỹ thuật v&agrave; m&aacute;y m&oacute;c phức tạp n&ecirc;n những phi&ecirc;n bản gi&aacute; rẻ thường kh&ocirc;ng đầu tư v&agrave;o họa tiết n&agrave;y.</p>\r\n\r\n<p><img alt=\"Thông tin chi tiết về chiếc đồng hồ nam Doxa D220SSV - Ảnh: 3\" src=\"https://cdn3.dhht.vn/wp-content/uploads/2020/07/Thong-tin-chi-tiet-ve-chiec-dong-ho-nam-Doxa-D220SSV-3.jpg\" /></p>\r\n\r\n<p><em>Dễ d&agrave;ng nhận thấy họa tiết Guilloch&eacute; v&ocirc; c&ugrave;ng phức tạp tr&ecirc;n mặt số đồng hồ</em></p>\r\n\r\n<p>&nbsp;</p>\r\n\r\n<p><strong><em>▶&nbsp;Vẫn l&agrave; mặt k&iacute;nh sapphire chống trầy thường thấy</em></strong></p>\r\n\r\n<p>Kh&ocirc;ng phải tự dưng m&agrave; k&iacute;nh saphire lại được c&aacute;c thương hiệu Thụy Sỹ từ b&igrave;nh d&acirc;n đến nổi tiếng chọn để trang bị cho c&aacute;c sản phẩm của m&igrave;nh. Nguy&ecirc;n nh&acirc;n nh&agrave; nhờ những ưu điểm nổi trội của&nbsp;<a href=\"https://donghohaitrieu.com/tin-tuc/dong-ho/toan-bo-su-that-ve-mat-kinh-sapphire-cua-dong-ho.html\" rel=\"noopener noreferrer\" target=\"_blank\">sapphire</a>&nbsp;so với c&aacute;c loại k&iacute;nh kh&aacute;c tr&ecirc;n thị trường, cụ thể:</p>\r\n\r\n<p>Khả năng hạn chế trầy xước cao, những va quẹt hằng ng&agrave;y giờ đ&acirc;y kh&ocirc;ng c&ograve;n l&agrave; vấn đề đ&aacute;ng quan ngại.</p>\r\n\r\n<p>Độ cứng tốt, chỉ đứng sau kim cương trong bảng xếp hạng Mohs.</p>\r\n\r\n<p>Đặc biệt đ&oacute; ch&iacute;nh l&agrave; sự hiển thị trong suốt, cho c&aacute;c chi tiết thời gian b&ecirc;n tr&ecirc;n mặt số được r&otilde; n&eacute;t hơn bao giờ hết.</p>\r\n\r\n<h3><strong>2. THIẾT KẾ D&Acirc;Y ĐEO ĐỒNG HỒ</strong></h3>\r\n\r\n<p>Doxa D220SSV l&agrave; chiếc đồng hồ kim loại cao cấp, ch&iacute;nh v&igrave; thế sản phẩm được chế t&aacute;c ho&agrave;n to&agrave;n bằng chất liệu&nbsp;<a href=\"https://donghohaitrieu.com/tin-tuc/dong-ho/thep-khong-gi-316l-la-gi-tai-sao-duoc-su-dung-trong-che-tac-dong-ho.html\" rel=\"noopener noreferrer\" target=\"_blank\">th&eacute;p kh&ocirc;ng gỉ 316L</a>, đem đến cho người d&ugrave;ng sự bền bỉ v&agrave; vẻ ngo&agrave;i s&aacute;ng b&oacute;ng c&ugrave;ng thời gian.&nbsp;</p>\r\n\r\n<p>Nguy&ecirc;n nh&acirc;n th&eacute;p kh&ocirc;ng gỉ được thương hiệu Doxa vận dụng triệt để v&agrave;o chế t&aacute;c đồng hồ l&agrave; nhờ:</p>\r\n\r\n<p>●&nbsp;Độ cứng cao n&ecirc;n hạn chế những hậu quả xấu để lại trong c&aacute;c trường hợp như va quẹt, rơi rớt sản phẩm.</p>\r\n\r\n<p>●&nbsp;Kh&ocirc;ng bị bong tr&oacute;c, xỉn m&agrave;u v&agrave; độ bền tốt, ch&iacute;nh v&igrave; thế m&agrave; người d&ugrave;ng kh&ocirc;ng cần phải tahy d&acirc;y thường xuy&ecirc;n như chất liệu d&acirc;y da.</p>\r\n\r\n<p>●&nbsp;Kh&ocirc;ng xuất hiện mồ h&ocirc;i kh&oacute; chịu khi tiếp x&uacute;c với nước v&agrave; m&ocirc;i trường ẩm ướt.</p>\r\n\r\n<p>●&nbsp;Dễ d&agrave;ng vệ sinh v&agrave; đặc biệt c&oacute; thể đ&aacute;nh b&oacute;ng để lấy lại vẻ đẹp nguy&ecirc;n thủy của sản phẩm.</p>\r\n\r\n<p><img alt=\"Thông tin chi tiết về chiếc đồng hồ nam Doxa D220SSV - Ảnh: 4\" src=\"https://cdn3.dhht.vn/wp-content/uploads/2020/07/Thong-tin-chi-tiet-ve-chiec-dong-ho-nam-Doxa-D220SSV-5.jpg\" /></p>\r\n\r\n<p><em>Bộ phận d&acirc;y đeo của&nbsp;Doxa D220SSV được chế t&aacute;c từ nhiều mắc x&iacute;ch nhỏ đan xem với nhau</em></p>\r\n\r\n<p><em>Trung Hiếu</em></p>\r\n', 0, '1629925347_anh6.jpg', 12000000, 40, 23, 2),
(11, 'Tag Heuer', '', '<h2><strong>TH&Ocirc;NG TIN CHI TIẾT VỀ CHIẾC ĐỒNG HỒ NAM DOXA D220SSV</strong></h2>\r\n\r\n<p>Tuy tr&igrave;nh l&agrave;ng từ kh&aacute; sớm, khoảng từ những năm 1889, thế nhưng c&aacute;i t&ecirc;n Doxa thực sự chỉ mới du nhập v&agrave;o Việt Nam trong thời gian gần đ&acirc;y, ch&iacute;nh v&igrave; thế m&agrave; kh&ocirc;ng tr&aacute;nh khỏi việc nhiều người chưa biết đến thương hiệu n&agrave;y.</p>\r\n\r\n<p>Theo đ&oacute;, Doxa l&agrave; một trong những h&atilde;ng sản xuất đồng hồ danh gi&aacute; v&agrave; ch&iacute;nh thống của Thụy Sỹ, c&oacute; lịch sử ph&aacute;t triển hơn 130 năm v&agrave; cũng l&agrave; c&aacute;i t&ecirc;n đi đầu trong việc sử dụng&nbsp;<a href=\"https://donghohaitrieu.com/tin-tuc/dong-ho/kim-cuong-la-gi-y-nghia-kim-cuong-trong-lam-an-phong-thuy.html\" rel=\"noopener noreferrer\" target=\"_blank\">kim cương</a>&nbsp;thật l&ecirc;n&nbsp;<a href=\"https://donghohaitrieu.com/dong-ho-deo-tay-chinh-hang\" rel=\"noopener noreferrer\" target=\"_blank\">đồng hồ đeo tay</a>.</p>\r\n\r\n<p>Những thiết kế của h&atilde;ng thường kh&ocirc;ng chạy theo xu hướng thời đại, mỗi sản phẩm đều mang đậm n&eacute;t đặc trưng ri&ecirc;ng của thương hiệu n&agrave;y. Đơn cử như phi&ecirc;n bản đồng hồ Doxa nam với số hiệu Doxa D220SSV dưới đ&acirc;y.</p>\r\n\r\n<p>&nbsp;</p>\r\n\r\n<p><img alt=\"Triển lãm đồng hồ lớn nhất thế giới Baselworld mất dần sức hấp dẫn | VTV.VN\" src=\"https://vtv1.mediacdn.vn/thumb_w/650/2018/3/23/dongho230318-15217821803561915207800.jpg\" /></p>\r\n\r\n<p>Nhấn để ph&oacute;ng to ảnh</p>\r\n\r\n<h3><strong>1. THIẾT KẾ MẶT SỐ ĐỒNG HỒ</strong></h3>\r\n\r\n<p>Thoạt nh&igrave;n, tưởng chừng như cỗ m&aacute;y thời gian n&agrave;y c&oacute; thiết kế đơn giản. Tuy nhi&ecirc;n, nếu quan s&aacute;t kỹ, bạn sẽ nhận ra rằng mỗi một chi tiết đều l&agrave; kh&acirc;u chế t&aacute;c v&ocirc; c&ugrave;ng kỳ c&ocirc;ng v&agrave; tỉ mỉ, cụ thể:</p>\r\n\r\n<p><strong><em>▶&nbsp;14 vi&ecirc;n kim cương gi&aacute; trị tr&ecirc;n&nbsp;<a href=\"https://donghohaitrieu.com/tin-tuc/dong-ho/nhan-biet-cac-kieu-mat-dong-ho-deo-tay-pho-bien-nhat-hien-nay.html\" rel=\"noopener noreferrer\" target=\"_blank\">mặt đồng hồ</a></em></strong></p>\r\n\r\n<p>Kh&ocirc;ng phải 6 vi&ecirc;n hay 8 vi&ecirc;n như thường thấy, chiếc&nbsp;<a href=\"https://donghohaitrieu.com/danh-muc/dong-ho-nam\" rel=\"noopener noreferrer\" target=\"_blank\">đồng hồ nam</a>&nbsp;Doxa D220SSV lần n&agrave;y được h&atilde;ng v&ocirc; c&ugrave;ng ưu &aacute;i khi trang bị số lượng kim cương tr&ecirc;n mặt số l&ecirc;n đến 14 vi&ecirc;n.</p>\r\n\r\n<p>Đặc biệt hơn, ngay hướng 6 giờ của sản phẩm c&ograve;n xuất hiện d&ograve;ng chữ &ldquo;Genuine Diamonds&rdquo; minh chứng cho việc tất cả những vi&ecirc;n kim cương n&agrave;y đều l&agrave; kim cương tự nhi&ecirc;n, tức l&agrave; ch&uacute;ng được khai th&aacute;c từ thi&ecirc;n nhi&ecirc;n, chứ kh&ocirc;ng phải loại kim cương được tổng hợp hay chế t&aacute;c nh&acirc;n tạo.</p>\r\n\r\n<p>Điều n&agrave;y kh&ocirc;ng chỉ l&agrave;m tăng gi&aacute; trị của chiếc đồng hồ kim loại n&agrave;y m&agrave; c&ograve;n gi&uacute;p kh&iacute; chất của người chủ nh&acirc;n trở n&ecirc;n l&ocirc;i cuốn, tự tin hơn khi đeo sản phẩm tr&ecirc;n cổ tay.</p>\r\n\r\n<p><img alt=\"Thông tin chi tiết về chiếc đồng hồ nam Doxa D220SSV - Ảnh: 2\" src=\"https://cdn3.dhht.vn/wp-content/uploads/2020/07/Thong-tin-chi-tiet-ve-chiec-dong-ho-nam-Doxa-D220SSV-2.jpg\" /></p>\r\n\r\n<p><em>Những vi&ecirc;n kim cương thật c&ograve;n g&oacute;p phần l&agrave;m tăng gi&aacute; trị cho chiếc đồng hồ&nbsp; nam n&agrave;y</em></p>\r\n\r\n<p>&nbsp;</p>\r\n\r\n<p><strong><em>▶&nbsp;Họa tiết Guilloche nghệ thuật</em></strong></p>\r\n\r\n<p>Nhằm mục đ&iacute;ch tạo chiều s&acirc;u cho thiết kế mặt số v&agrave; trang tr&iacute; cho nền đồng hồ, Doxa D220SSV c&ograve;n được nh&agrave; sản xuất bố tr&iacute; th&ecirc;m sự xuất hiện của họa tiết Guilloche độc đ&aacute;o chia bề mặt sản phẩm ra l&agrave;m 2 l&ograve;ng: l&ograve;ng ngo&agrave;i v&agrave; l&ograve;ng trong.</p>\r\n\r\n<p>Cụ thể, l&ograve;ng ngo&agrave;i l&agrave; những đường tr&ograve;n đồng t&acirc;m với sự sắp xếp san s&aacute;t nhau, c&ograve;n l&ograve;ng trong l&agrave; sự xuất hiện của những đường cong theo một trật tự logic, mang đến cho người xem h&igrave;nh ảnh một đ&oacute;a hoa nhiều c&aacute;nh xuất ph&aacute;t từ t&acirc;m đồng hồ.</p>\r\n\r\n<p>Người d&ugrave;ng chỉ c&oacute; thể dễ d&agrave;ng t&igrave;m thấy họa tiết Guilloche n&agrave;y tr&ecirc;n những d&ograve;ng sản phẩm đắt tiền từ Thụy Sỹ, bởi kh&acirc;u chế t&aacute;c ch&uacute;ng rất tỉ mỉ v&agrave; tinh tế, y&ecirc;u cầu kỹ thuật v&agrave; m&aacute;y m&oacute;c phức tạp n&ecirc;n những phi&ecirc;n bản gi&aacute; rẻ thường kh&ocirc;ng đầu tư v&agrave;o họa tiết n&agrave;y.</p>\r\n\r\n<p><img alt=\"Thông tin chi tiết về chiếc đồng hồ nam Doxa D220SSV - Ảnh: 3\" src=\"https://cdn3.dhht.vn/wp-content/uploads/2020/07/Thong-tin-chi-tiet-ve-chiec-dong-ho-nam-Doxa-D220SSV-3.jpg\" /></p>\r\n\r\n<p><em>Dễ d&agrave;ng nhận thấy họa tiết Guilloch&eacute; v&ocirc; c&ugrave;ng phức tạp tr&ecirc;n mặt số đồng hồ</em></p>\r\n\r\n<p>&nbsp;</p>\r\n\r\n<p><strong><em>▶&nbsp;Vẫn l&agrave; mặt k&iacute;nh sapphire chống trầy thường thấy</em></strong></p>\r\n\r\n<p>Kh&ocirc;ng phải tự dưng m&agrave; k&iacute;nh saphire lại được c&aacute;c thương hiệu Thụy Sỹ từ b&igrave;nh d&acirc;n đến nổi tiếng chọn để trang bị cho c&aacute;c sản phẩm của m&igrave;nh. Nguy&ecirc;n nh&acirc;n nh&agrave; nhờ những ưu điểm nổi trội của&nbsp;<a href=\"https://donghohaitrieu.com/tin-tuc/dong-ho/toan-bo-su-that-ve-mat-kinh-sapphire-cua-dong-ho.html\" rel=\"noopener noreferrer\" target=\"_blank\">sapphire</a>&nbsp;so với c&aacute;c loại k&iacute;nh kh&aacute;c tr&ecirc;n thị trường, cụ thể:</p>\r\n\r\n<p>Khả năng hạn chế trầy xước cao, những va quẹt hằng ng&agrave;y giờ đ&acirc;y kh&ocirc;ng c&ograve;n l&agrave; vấn đề đ&aacute;ng quan ngại.</p>\r\n\r\n<p>Độ cứng tốt, chỉ đứng sau kim cương trong bảng xếp hạng Mohs.</p>\r\n\r\n<p>Đặc biệt đ&oacute; ch&iacute;nh l&agrave; sự hiển thị trong suốt, cho c&aacute;c chi tiết thời gian b&ecirc;n tr&ecirc;n mặt số được r&otilde; n&eacute;t hơn bao giờ hết.</p>\r\n\r\n<h3><strong>2. THIẾT KẾ D&Acirc;Y ĐEO ĐỒNG HỒ</strong></h3>\r\n\r\n<p>Doxa D220SSV l&agrave; chiếc đồng hồ kim loại cao cấp, ch&iacute;nh v&igrave; thế sản phẩm được chế t&aacute;c ho&agrave;n to&agrave;n bằng chất liệu&nbsp;<a href=\"https://donghohaitrieu.com/tin-tuc/dong-ho/thep-khong-gi-316l-la-gi-tai-sao-duoc-su-dung-trong-che-tac-dong-ho.html\" rel=\"noopener noreferrer\" target=\"_blank\">th&eacute;p kh&ocirc;ng gỉ 316L</a>, đem đến cho người d&ugrave;ng sự bền bỉ v&agrave; vẻ ngo&agrave;i s&aacute;ng b&oacute;ng c&ugrave;ng thời gian.&nbsp;</p>\r\n\r\n<p>Nguy&ecirc;n nh&acirc;n th&eacute;p kh&ocirc;ng gỉ được thương hiệu Doxa vận dụng triệt để v&agrave;o chế t&aacute;c đồng hồ l&agrave; nhờ:</p>\r\n\r\n<p>●&nbsp;Độ cứng cao n&ecirc;n hạn chế những hậu quả xấu để lại trong c&aacute;c trường hợp như va quẹt, rơi rớt sản phẩm.</p>\r\n\r\n<p>●&nbsp;Kh&ocirc;ng bị bong tr&oacute;c, xỉn m&agrave;u v&agrave; độ bền tốt, ch&iacute;nh v&igrave; thế m&agrave; người d&ugrave;ng kh&ocirc;ng cần phải tahy d&acirc;y thường xuy&ecirc;n như chất liệu d&acirc;y da.</p>\r\n\r\n<p>●&nbsp;Kh&ocirc;ng xuất hiện mồ h&ocirc;i kh&oacute; chịu khi tiếp x&uacute;c với nước v&agrave; m&ocirc;i trường ẩm ướt.</p>\r\n\r\n<p>●&nbsp;Dễ d&agrave;ng vệ sinh v&agrave; đặc biệt c&oacute; thể đ&aacute;nh b&oacute;ng để lấy lại vẻ đẹp nguy&ecirc;n thủy của sản phẩm.</p>\r\n\r\n<p><img alt=\"Thông tin chi tiết về chiếc đồng hồ nam Doxa D220SSV - Ảnh: 4\" src=\"https://cdn3.dhht.vn/wp-content/uploads/2020/07/Thong-tin-chi-tiet-ve-chiec-dong-ho-nam-Doxa-D220SSV-5.jpg\" /></p>\r\n\r\n<p><em>Bộ phận d&acirc;y đeo của&nbsp;Doxa D220SSV được chế t&aacute;c từ nhiều mắc x&iacute;ch nhỏ đan xem với nhau</em></p>\r\n\r\n<p><em>Trung Hiếu</em></p>\r\n', 1, '1629925285_anh3.jpg', 4300000, 7, 23, 1),
(12, 'Patek Philippe', '', '<h2><strong>TH&Ocirc;NG TIN CHI TIẾT VỀ CHIẾC ĐỒNG HỒ NAM DOXA D220SSV</strong></h2>\r\n\r\n<p>Tuy tr&igrave;nh l&agrave;ng từ kh&aacute; sớm, khoảng từ những năm 1889, thế nhưng c&aacute;i t&ecirc;n Doxa thực sự chỉ mới du nhập v&agrave;o Việt Nam trong thời gian gần đ&acirc;y, ch&iacute;nh v&igrave; thế m&agrave; kh&ocirc;ng tr&aacute;nh khỏi việc nhiều người chưa biết đến thương hiệu n&agrave;y.</p>\r\n\r\n<p>Theo đ&oacute;, Doxa l&agrave; một trong những h&atilde;ng sản xuất đồng hồ danh gi&aacute; v&agrave; ch&iacute;nh thống của Thụy Sỹ, c&oacute; lịch sử ph&aacute;t triển hơn 130 năm v&agrave; cũng l&agrave; c&aacute;i t&ecirc;n đi đầu trong việc sử dụng&nbsp;<a href=\"https://donghohaitrieu.com/tin-tuc/dong-ho/kim-cuong-la-gi-y-nghia-kim-cuong-trong-lam-an-phong-thuy.html\" rel=\"noopener noreferrer\" target=\"_blank\">kim cương</a>&nbsp;thật l&ecirc;n&nbsp;<a href=\"https://donghohaitrieu.com/dong-ho-deo-tay-chinh-hang\" rel=\"noopener noreferrer\" target=\"_blank\">đồng hồ đeo tay</a>.</p>\r\n\r\n<p>Những thiết kế của h&atilde;ng thường kh&ocirc;ng chạy theo xu hướng thời đại, mỗi sản phẩm đều mang đậm n&eacute;t đặc trưng ri&ecirc;ng của thương hiệu n&agrave;y. Đơn cử như phi&ecirc;n bản đồng hồ Doxa nam với số hiệu Doxa D220SSV dưới đ&acirc;y.</p>\r\n\r\n<p>&nbsp;</p>\r\n\r\n<p><img alt=\"Triển lãm đồng hồ lớn nhất thế giới Baselworld mất dần sức hấp dẫn | VTV.VN\" src=\"https://vtv1.mediacdn.vn/thumb_w/650/2018/3/23/dongho230318-15217821803561915207800.jpg\" /></p>\r\n\r\n<p>Nhấn để ph&oacute;ng to ảnh</p>\r\n\r\n<h3><strong>1. THIẾT KẾ MẶT SỐ ĐỒNG HỒ</strong></h3>\r\n\r\n<p>Thoạt nh&igrave;n, tưởng chừng như cỗ m&aacute;y thời gian n&agrave;y c&oacute; thiết kế đơn giản. Tuy nhi&ecirc;n, nếu quan s&aacute;t kỹ, bạn sẽ nhận ra rằng mỗi một chi tiết đều l&agrave; kh&acirc;u chế t&aacute;c v&ocirc; c&ugrave;ng kỳ c&ocirc;ng v&agrave; tỉ mỉ, cụ thể:</p>\r\n\r\n<p><strong><em>▶&nbsp;14 vi&ecirc;n kim cương gi&aacute; trị tr&ecirc;n&nbsp;<a href=\"https://donghohaitrieu.com/tin-tuc/dong-ho/nhan-biet-cac-kieu-mat-dong-ho-deo-tay-pho-bien-nhat-hien-nay.html\" rel=\"noopener noreferrer\" target=\"_blank\">mặt đồng hồ</a></em></strong></p>\r\n\r\n<p>Kh&ocirc;ng phải 6 vi&ecirc;n hay 8 vi&ecirc;n như thường thấy, chiếc&nbsp;<a href=\"https://donghohaitrieu.com/danh-muc/dong-ho-nam\" rel=\"noopener noreferrer\" target=\"_blank\">đồng hồ nam</a>&nbsp;Doxa D220SSV lần n&agrave;y được h&atilde;ng v&ocirc; c&ugrave;ng ưu &aacute;i khi trang bị số lượng kim cương tr&ecirc;n mặt số l&ecirc;n đến 14 vi&ecirc;n.</p>\r\n\r\n<p>Đặc biệt hơn, ngay hướng 6 giờ của sản phẩm c&ograve;n xuất hiện d&ograve;ng chữ &ldquo;Genuine Diamonds&rdquo; minh chứng cho việc tất cả những vi&ecirc;n kim cương n&agrave;y đều l&agrave; kim cương tự nhi&ecirc;n, tức l&agrave; ch&uacute;ng được khai th&aacute;c từ thi&ecirc;n nhi&ecirc;n, chứ kh&ocirc;ng phải loại kim cương được tổng hợp hay chế t&aacute;c nh&acirc;n tạo.</p>\r\n\r\n<p>Điều n&agrave;y kh&ocirc;ng chỉ l&agrave;m tăng gi&aacute; trị của chiếc đồng hồ kim loại n&agrave;y m&agrave; c&ograve;n gi&uacute;p kh&iacute; chất của người chủ nh&acirc;n trở n&ecirc;n l&ocirc;i cuốn, tự tin hơn khi đeo sản phẩm tr&ecirc;n cổ tay.</p>\r\n\r\n<p><img alt=\"Thông tin chi tiết về chiếc đồng hồ nam Doxa D220SSV - Ảnh: 2\" src=\"https://cdn3.dhht.vn/wp-content/uploads/2020/07/Thong-tin-chi-tiet-ve-chiec-dong-ho-nam-Doxa-D220SSV-2.jpg\" /></p>\r\n\r\n<p><em>Những vi&ecirc;n kim cương thật c&ograve;n g&oacute;p phần l&agrave;m tăng gi&aacute; trị cho chiếc đồng hồ&nbsp; nam n&agrave;y</em></p>\r\n\r\n<p>&nbsp;</p>\r\n\r\n<p><strong><em>▶&nbsp;Họa tiết Guilloche nghệ thuật</em></strong></p>\r\n\r\n<p>Nhằm mục đ&iacute;ch tạo chiều s&acirc;u cho thiết kế mặt số v&agrave; trang tr&iacute; cho nền đồng hồ, Doxa D220SSV c&ograve;n được nh&agrave; sản xuất bố tr&iacute; th&ecirc;m sự xuất hiện của họa tiết Guilloche độc đ&aacute;o chia bề mặt sản phẩm ra l&agrave;m 2 l&ograve;ng: l&ograve;ng ngo&agrave;i v&agrave; l&ograve;ng trong.</p>\r\n\r\n<p>Cụ thể, l&ograve;ng ngo&agrave;i l&agrave; những đường tr&ograve;n đồng t&acirc;m với sự sắp xếp san s&aacute;t nhau, c&ograve;n l&ograve;ng trong l&agrave; sự xuất hiện của những đường cong theo một trật tự logic, mang đến cho người xem h&igrave;nh ảnh một đ&oacute;a hoa nhiều c&aacute;nh xuất ph&aacute;t từ t&acirc;m đồng hồ.</p>\r\n\r\n<p>Người d&ugrave;ng chỉ c&oacute; thể dễ d&agrave;ng t&igrave;m thấy họa tiết Guilloche n&agrave;y tr&ecirc;n những d&ograve;ng sản phẩm đắt tiền từ Thụy Sỹ, bởi kh&acirc;u chế t&aacute;c ch&uacute;ng rất tỉ mỉ v&agrave; tinh tế, y&ecirc;u cầu kỹ thuật v&agrave; m&aacute;y m&oacute;c phức tạp n&ecirc;n những phi&ecirc;n bản gi&aacute; rẻ thường kh&ocirc;ng đầu tư v&agrave;o họa tiết n&agrave;y.</p>\r\n\r\n<p><img alt=\"Thông tin chi tiết về chiếc đồng hồ nam Doxa D220SSV - Ảnh: 3\" src=\"https://cdn3.dhht.vn/wp-content/uploads/2020/07/Thong-tin-chi-tiet-ve-chiec-dong-ho-nam-Doxa-D220SSV-3.jpg\" /></p>\r\n\r\n<p><em>Dễ d&agrave;ng nhận thấy họa tiết Guilloch&eacute; v&ocirc; c&ugrave;ng phức tạp tr&ecirc;n mặt số đồng hồ</em></p>\r\n\r\n<p>&nbsp;</p>\r\n\r\n<p><strong><em>▶&nbsp;Vẫn l&agrave; mặt k&iacute;nh sapphire chống trầy thường thấy</em></strong></p>\r\n\r\n<p>Kh&ocirc;ng phải tự dưng m&agrave; k&iacute;nh saphire lại được c&aacute;c thương hiệu Thụy Sỹ từ b&igrave;nh d&acirc;n đến nổi tiếng chọn để trang bị cho c&aacute;c sản phẩm của m&igrave;nh. Nguy&ecirc;n nh&acirc;n nh&agrave; nhờ những ưu điểm nổi trội của&nbsp;<a href=\"https://donghohaitrieu.com/tin-tuc/dong-ho/toan-bo-su-that-ve-mat-kinh-sapphire-cua-dong-ho.html\" rel=\"noopener noreferrer\" target=\"_blank\">sapphire</a>&nbsp;so với c&aacute;c loại k&iacute;nh kh&aacute;c tr&ecirc;n thị trường, cụ thể:</p>\r\n\r\n<p>Khả năng hạn chế trầy xước cao, những va quẹt hằng ng&agrave;y giờ đ&acirc;y kh&ocirc;ng c&ograve;n l&agrave; vấn đề đ&aacute;ng quan ngại.</p>\r\n\r\n<p>Độ cứng tốt, chỉ đứng sau kim cương trong bảng xếp hạng Mohs.</p>\r\n\r\n<p>Đặc biệt đ&oacute; ch&iacute;nh l&agrave; sự hiển thị trong suốt, cho c&aacute;c chi tiết thời gian b&ecirc;n tr&ecirc;n mặt số được r&otilde; n&eacute;t hơn bao giờ hết.</p>\r\n\r\n<h3><strong>2. THIẾT KẾ D&Acirc;Y ĐEO ĐỒNG HỒ</strong></h3>\r\n\r\n<p>Doxa D220SSV l&agrave; chiếc đồng hồ kim loại cao cấp, ch&iacute;nh v&igrave; thế sản phẩm được chế t&aacute;c ho&agrave;n to&agrave;n bằng chất liệu&nbsp;<a href=\"https://donghohaitrieu.com/tin-tuc/dong-ho/thep-khong-gi-316l-la-gi-tai-sao-duoc-su-dung-trong-che-tac-dong-ho.html\" rel=\"noopener noreferrer\" target=\"_blank\">th&eacute;p kh&ocirc;ng gỉ 316L</a>, đem đến cho người d&ugrave;ng sự bền bỉ v&agrave; vẻ ngo&agrave;i s&aacute;ng b&oacute;ng c&ugrave;ng thời gian.&nbsp;</p>\r\n\r\n<p>Nguy&ecirc;n nh&acirc;n th&eacute;p kh&ocirc;ng gỉ được thương hiệu Doxa vận dụng triệt để v&agrave;o chế t&aacute;c đồng hồ l&agrave; nhờ:</p>\r\n\r\n<p>●&nbsp;Độ cứng cao n&ecirc;n hạn chế những hậu quả xấu để lại trong c&aacute;c trường hợp như va quẹt, rơi rớt sản phẩm.</p>\r\n\r\n<p>●&nbsp;Kh&ocirc;ng bị bong tr&oacute;c, xỉn m&agrave;u v&agrave; độ bền tốt, ch&iacute;nh v&igrave; thế m&agrave; người d&ugrave;ng kh&ocirc;ng cần phải tahy d&acirc;y thường xuy&ecirc;n như chất liệu d&acirc;y da.</p>\r\n\r\n<p>●&nbsp;Kh&ocirc;ng xuất hiện mồ h&ocirc;i kh&oacute; chịu khi tiếp x&uacute;c với nước v&agrave; m&ocirc;i trường ẩm ướt.</p>\r\n\r\n<p>●&nbsp;Dễ d&agrave;ng vệ sinh v&agrave; đặc biệt c&oacute; thể đ&aacute;nh b&oacute;ng để lấy lại vẻ đẹp nguy&ecirc;n thủy của sản phẩm.</p>\r\n\r\n<p><img alt=\"Thông tin chi tiết về chiếc đồng hồ nam Doxa D220SSV - Ảnh: 4\" src=\"https://cdn3.dhht.vn/wp-content/uploads/2020/07/Thong-tin-chi-tiet-ve-chiec-dong-ho-nam-Doxa-D220SSV-5.jpg\" /></p>\r\n\r\n<p><em>Bộ phận d&acirc;y đeo của&nbsp;Doxa D220SSV được chế t&aacute;c từ nhiều mắc x&iacute;ch nhỏ đan xem với nhau</em></p>\r\n\r\n<p><em>Trung Hiếu</em></p>\r\n', 0, '1629925221_OIP (1).jfif', 5000000, 10, 21, 3),
(13, 'Rolex Swiss Made', '', '<h2><strong>TH&Ocirc;NG TIN CHI TIẾT VỀ CHIẾC ĐỒNG HỒ NAM DOXA D220SSV</strong></h2>\r\n\r\n<p>Tuy tr&igrave;nh l&agrave;ng từ kh&aacute; sớm, khoảng từ những năm 1889, thế nhưng c&aacute;i t&ecirc;n Doxa thực sự chỉ mới du nhập v&agrave;o Việt Nam trong thời gian gần đ&acirc;y, ch&iacute;nh v&igrave; thế m&agrave; kh&ocirc;ng tr&aacute;nh khỏi việc nhiều người chưa biết đến thương hiệu n&agrave;y.</p>\r\n\r\n<p>Theo đ&oacute;, Doxa l&agrave; một trong những h&atilde;ng sản xuất đồng hồ danh gi&aacute; v&agrave; ch&iacute;nh thống của Thụy Sỹ, c&oacute; lịch sử ph&aacute;t triển hơn 130 năm v&agrave; cũng l&agrave; c&aacute;i t&ecirc;n đi đầu trong việc sử dụng&nbsp;<a href=\"https://donghohaitrieu.com/tin-tuc/dong-ho/kim-cuong-la-gi-y-nghia-kim-cuong-trong-lam-an-phong-thuy.html\" rel=\"noopener noreferrer\" target=\"_blank\">kim cương</a>&nbsp;thật l&ecirc;n&nbsp;<a href=\"https://donghohaitrieu.com/dong-ho-deo-tay-chinh-hang\" rel=\"noopener noreferrer\" target=\"_blank\">đồng hồ đeo tay</a>.</p>\r\n\r\n<p>Những thiết kế của h&atilde;ng thường kh&ocirc;ng chạy theo xu hướng thời đại, mỗi sản phẩm đều mang đậm n&eacute;t đặc trưng ri&ecirc;ng của thương hiệu n&agrave;y. Đơn cử như phi&ecirc;n bản đồng hồ Doxa nam với số hiệu Doxa D220SSV dưới đ&acirc;y.</p>\r\n\r\n<p>&nbsp;</p>\r\n\r\n<p><img alt=\"Triển lãm đồng hồ lớn nhất thế giới Baselworld mất dần sức hấp dẫn | VTV.VN\" src=\"https://vtv1.mediacdn.vn/thumb_w/650/2018/3/23/dongho230318-15217821803561915207800.jpg\" /></p>\r\n\r\n<p>Nhấn để ph&oacute;ng to ảnh</p>\r\n\r\n<h3><strong>1. THIẾT KẾ MẶT SỐ ĐỒNG HỒ</strong></h3>\r\n\r\n<p>Thoạt nh&igrave;n, tưởng chừng như cỗ m&aacute;y thời gian n&agrave;y c&oacute; thiết kế đơn giản. Tuy nhi&ecirc;n, nếu quan s&aacute;t kỹ, bạn sẽ nhận ra rằng mỗi một chi tiết đều l&agrave; kh&acirc;u chế t&aacute;c v&ocirc; c&ugrave;ng kỳ c&ocirc;ng v&agrave; tỉ mỉ, cụ thể:</p>\r\n\r\n<p><strong><em>▶&nbsp;14 vi&ecirc;n kim cương gi&aacute; trị tr&ecirc;n&nbsp;<a href=\"https://donghohaitrieu.com/tin-tuc/dong-ho/nhan-biet-cac-kieu-mat-dong-ho-deo-tay-pho-bien-nhat-hien-nay.html\" rel=\"noopener noreferrer\" target=\"_blank\">mặt đồng hồ</a></em></strong></p>\r\n\r\n<p>Kh&ocirc;ng phải 6 vi&ecirc;n hay 8 vi&ecirc;n như thường thấy, chiếc&nbsp;<a href=\"https://donghohaitrieu.com/danh-muc/dong-ho-nam\" rel=\"noopener noreferrer\" target=\"_blank\">đồng hồ nam</a>&nbsp;Doxa D220SSV lần n&agrave;y được h&atilde;ng v&ocirc; c&ugrave;ng ưu &aacute;i khi trang bị số lượng kim cương tr&ecirc;n mặt số l&ecirc;n đến 14 vi&ecirc;n.</p>\r\n\r\n<p>Đặc biệt hơn, ngay hướng 6 giờ của sản phẩm c&ograve;n xuất hiện d&ograve;ng chữ &ldquo;Genuine Diamonds&rdquo; minh chứng cho việc tất cả những vi&ecirc;n kim cương n&agrave;y đều l&agrave; kim cương tự nhi&ecirc;n, tức l&agrave; ch&uacute;ng được khai th&aacute;c từ thi&ecirc;n nhi&ecirc;n, chứ kh&ocirc;ng phải loại kim cương được tổng hợp hay chế t&aacute;c nh&acirc;n tạo.</p>\r\n\r\n<p>Điều n&agrave;y kh&ocirc;ng chỉ l&agrave;m tăng gi&aacute; trị của chiếc đồng hồ kim loại n&agrave;y m&agrave; c&ograve;n gi&uacute;p kh&iacute; chất của người chủ nh&acirc;n trở n&ecirc;n l&ocirc;i cuốn, tự tin hơn khi đeo sản phẩm tr&ecirc;n cổ tay.</p>\r\n\r\n<p><img alt=\"Thông tin chi tiết về chiếc đồng hồ nam Doxa D220SSV - Ảnh: 2\" src=\"https://cdn3.dhht.vn/wp-content/uploads/2020/07/Thong-tin-chi-tiet-ve-chiec-dong-ho-nam-Doxa-D220SSV-2.jpg\" /></p>\r\n\r\n<p><em>Những vi&ecirc;n kim cương thật c&ograve;n g&oacute;p phần l&agrave;m tăng gi&aacute; trị cho chiếc đồng hồ&nbsp; nam n&agrave;y</em></p>\r\n\r\n<p>&nbsp;</p>\r\n\r\n<p><strong><em>▶&nbsp;Họa tiết Guilloche nghệ thuật</em></strong></p>\r\n\r\n<p>Nhằm mục đ&iacute;ch tạo chiều s&acirc;u cho thiết kế mặt số v&agrave; trang tr&iacute; cho nền đồng hồ, Doxa D220SSV c&ograve;n được nh&agrave; sản xuất bố tr&iacute; th&ecirc;m sự xuất hiện của họa tiết Guilloche độc đ&aacute;o chia bề mặt sản phẩm ra l&agrave;m 2 l&ograve;ng: l&ograve;ng ngo&agrave;i v&agrave; l&ograve;ng trong.</p>\r\n\r\n<p>Cụ thể, l&ograve;ng ngo&agrave;i l&agrave; những đường tr&ograve;n đồng t&acirc;m với sự sắp xếp san s&aacute;t nhau, c&ograve;n l&ograve;ng trong l&agrave; sự xuất hiện của những đường cong theo một trật tự logic, mang đến cho người xem h&igrave;nh ảnh một đ&oacute;a hoa nhiều c&aacute;nh xuất ph&aacute;t từ t&acirc;m đồng hồ.</p>\r\n\r\n<p>Người d&ugrave;ng chỉ c&oacute; thể dễ d&agrave;ng t&igrave;m thấy họa tiết Guilloche n&agrave;y tr&ecirc;n những d&ograve;ng sản phẩm đắt tiền từ Thụy Sỹ, bởi kh&acirc;u chế t&aacute;c ch&uacute;ng rất tỉ mỉ v&agrave; tinh tế, y&ecirc;u cầu kỹ thuật v&agrave; m&aacute;y m&oacute;c phức tạp n&ecirc;n những phi&ecirc;n bản gi&aacute; rẻ thường kh&ocirc;ng đầu tư v&agrave;o họa tiết n&agrave;y.</p>\r\n\r\n<p><img alt=\"Thông tin chi tiết về chiếc đồng hồ nam Doxa D220SSV - Ảnh: 3\" src=\"https://cdn3.dhht.vn/wp-content/uploads/2020/07/Thong-tin-chi-tiet-ve-chiec-dong-ho-nam-Doxa-D220SSV-3.jpg\" /></p>\r\n\r\n<p><em>Dễ d&agrave;ng nhận thấy họa tiết Guilloch&eacute; v&ocirc; c&ugrave;ng phức tạp tr&ecirc;n mặt số đồng hồ</em></p>\r\n\r\n<p>&nbsp;</p>\r\n\r\n<p><strong><em>▶&nbsp;Vẫn l&agrave; mặt k&iacute;nh sapphire chống trầy thường thấy</em></strong></p>\r\n\r\n<p>Kh&ocirc;ng phải tự dưng m&agrave; k&iacute;nh saphire lại được c&aacute;c thương hiệu Thụy Sỹ từ b&igrave;nh d&acirc;n đến nổi tiếng chọn để trang bị cho c&aacute;c sản phẩm của m&igrave;nh. Nguy&ecirc;n nh&acirc;n nh&agrave; nhờ những ưu điểm nổi trội của&nbsp;<a href=\"https://donghohaitrieu.com/tin-tuc/dong-ho/toan-bo-su-that-ve-mat-kinh-sapphire-cua-dong-ho.html\" rel=\"noopener noreferrer\" target=\"_blank\">sapphire</a>&nbsp;so với c&aacute;c loại k&iacute;nh kh&aacute;c tr&ecirc;n thị trường, cụ thể:</p>\r\n\r\n<p>Khả năng hạn chế trầy xước cao, những va quẹt hằng ng&agrave;y giờ đ&acirc;y kh&ocirc;ng c&ograve;n l&agrave; vấn đề đ&aacute;ng quan ngại.</p>\r\n\r\n<p>Độ cứng tốt, chỉ đứng sau kim cương trong bảng xếp hạng Mohs.</p>\r\n\r\n<p>Đặc biệt đ&oacute; ch&iacute;nh l&agrave; sự hiển thị trong suốt, cho c&aacute;c chi tiết thời gian b&ecirc;n tr&ecirc;n mặt số được r&otilde; n&eacute;t hơn bao giờ hết.</p>\r\n\r\n<h3><strong>2. THIẾT KẾ D&Acirc;Y ĐEO ĐỒNG HỒ</strong></h3>\r\n\r\n<p>Doxa D220SSV l&agrave; chiếc đồng hồ kim loại cao cấp, ch&iacute;nh v&igrave; thế sản phẩm được chế t&aacute;c ho&agrave;n to&agrave;n bằng chất liệu&nbsp;<a href=\"https://donghohaitrieu.com/tin-tuc/dong-ho/thep-khong-gi-316l-la-gi-tai-sao-duoc-su-dung-trong-che-tac-dong-ho.html\" rel=\"noopener noreferrer\" target=\"_blank\">th&eacute;p kh&ocirc;ng gỉ 316L</a>, đem đến cho người d&ugrave;ng sự bền bỉ v&agrave; vẻ ngo&agrave;i s&aacute;ng b&oacute;ng c&ugrave;ng thời gian.&nbsp;</p>\r\n\r\n<p>Nguy&ecirc;n nh&acirc;n th&eacute;p kh&ocirc;ng gỉ được thương hiệu Doxa vận dụng triệt để v&agrave;o chế t&aacute;c đồng hồ l&agrave; nhờ:</p>\r\n\r\n<p>●&nbsp;Độ cứng cao n&ecirc;n hạn chế những hậu quả xấu để lại trong c&aacute;c trường hợp như va quẹt, rơi rớt sản phẩm.</p>\r\n\r\n<p>●&nbsp;Kh&ocirc;ng bị bong tr&oacute;c, xỉn m&agrave;u v&agrave; độ bền tốt, ch&iacute;nh v&igrave; thế m&agrave; người d&ugrave;ng kh&ocirc;ng cần phải tahy d&acirc;y thường xuy&ecirc;n như chất liệu d&acirc;y da.</p>\r\n\r\n<p>●&nbsp;Kh&ocirc;ng xuất hiện mồ h&ocirc;i kh&oacute; chịu khi tiếp x&uacute;c với nước v&agrave; m&ocirc;i trường ẩm ướt.</p>\r\n\r\n<p>●&nbsp;Dễ d&agrave;ng vệ sinh v&agrave; đặc biệt c&oacute; thể đ&aacute;nh b&oacute;ng để lấy lại vẻ đẹp nguy&ecirc;n thủy của sản phẩm.</p>\r\n\r\n<p><img alt=\"Thông tin chi tiết về chiếc đồng hồ nam Doxa D220SSV - Ảnh: 4\" src=\"https://cdn3.dhht.vn/wp-content/uploads/2020/07/Thong-tin-chi-tiet-ve-chiec-dong-ho-nam-Doxa-D220SSV-5.jpg\" /></p>\r\n\r\n<p><em>Bộ phận d&acirc;y đeo của&nbsp;Doxa D220SSV được chế t&aacute;c từ nhiều mắc x&iacute;ch nhỏ đan xem với nhau</em></p>\r\n\r\n<p><em>Trung Hiếu</em></p>\r\n', 0, '1629925072_OIP.jfif', 7000000, 20, 20, 2),
(14, 'Rolex M10', '', '<h2><strong>TH&Ocirc;NG TIN CHI TIẾT VỀ CHIẾC ĐỒNG HỒ NAM DOXA D220SSV</strong></h2>\r\n\r\n<p>Tuy tr&igrave;nh l&agrave;ng từ kh&aacute; sớm, khoảng từ những năm 1889, thế nhưng c&aacute;i t&ecirc;n Doxa thực sự chỉ mới du nhập v&agrave;o Việt Nam trong thời gian gần đ&acirc;y, ch&iacute;nh v&igrave; thế m&agrave; kh&ocirc;ng tr&aacute;nh khỏi việc nhiều người chưa biết đến thương hiệu n&agrave;y.</p>\r\n\r\n<p>Theo đ&oacute;, Doxa l&agrave; một trong những h&atilde;ng sản xuất đồng hồ danh gi&aacute; v&agrave; ch&iacute;nh thống của Thụy Sỹ, c&oacute; lịch sử ph&aacute;t triển hơn 130 năm v&agrave; cũng l&agrave; c&aacute;i t&ecirc;n đi đầu trong việc sử dụng&nbsp;<a href=\"https://donghohaitrieu.com/tin-tuc/dong-ho/kim-cuong-la-gi-y-nghia-kim-cuong-trong-lam-an-phong-thuy.html\" rel=\"noopener noreferrer\" target=\"_blank\">kim cương</a>&nbsp;thật l&ecirc;n&nbsp;<a href=\"https://donghohaitrieu.com/dong-ho-deo-tay-chinh-hang\" rel=\"noopener noreferrer\" target=\"_blank\">đồng hồ đeo tay</a>.</p>\r\n\r\n<p>Những thiết kế của h&atilde;ng thường kh&ocirc;ng chạy theo xu hướng thời đại, mỗi sản phẩm đều mang đậm n&eacute;t đặc trưng ri&ecirc;ng của thương hiệu n&agrave;y. Đơn cử như phi&ecirc;n bản đồng hồ Doxa nam với số hiệu Doxa D220SSV dưới đ&acirc;y.</p>\r\n\r\n<p>&nbsp;</p>\r\n\r\n<p><img alt=\"Triển lãm đồng hồ lớn nhất thế giới Baselworld mất dần sức hấp dẫn | VTV.VN\" src=\"https://vtv1.mediacdn.vn/thumb_w/650/2018/3/23/dongho230318-15217821803561915207800.jpg\" /></p>\r\n\r\n<p>Nhấn để ph&oacute;ng to ảnh</p>\r\n\r\n<h3><strong>1. THIẾT KẾ MẶT SỐ ĐỒNG HỒ</strong></h3>\r\n\r\n<p>Thoạt nh&igrave;n, tưởng chừng như cỗ m&aacute;y thời gian n&agrave;y c&oacute; thiết kế đơn giản. Tuy nhi&ecirc;n, nếu quan s&aacute;t kỹ, bạn sẽ nhận ra rằng mỗi một chi tiết đều l&agrave; kh&acirc;u chế t&aacute;c v&ocirc; c&ugrave;ng kỳ c&ocirc;ng v&agrave; tỉ mỉ, cụ thể:</p>\r\n\r\n<p><strong><em>▶&nbsp;14 vi&ecirc;n kim cương gi&aacute; trị tr&ecirc;n&nbsp;<a href=\"https://donghohaitrieu.com/tin-tuc/dong-ho/nhan-biet-cac-kieu-mat-dong-ho-deo-tay-pho-bien-nhat-hien-nay.html\" rel=\"noopener noreferrer\" target=\"_blank\">mặt đồng hồ</a></em></strong></p>\r\n\r\n<p>Kh&ocirc;ng phải 6 vi&ecirc;n hay 8 vi&ecirc;n như thường thấy, chiếc&nbsp;<a href=\"https://donghohaitrieu.com/danh-muc/dong-ho-nam\" rel=\"noopener noreferrer\" target=\"_blank\">đồng hồ nam</a>&nbsp;Doxa D220SSV lần n&agrave;y được h&atilde;ng v&ocirc; c&ugrave;ng ưu &aacute;i khi trang bị số lượng kim cương tr&ecirc;n mặt số l&ecirc;n đến 14 vi&ecirc;n.</p>\r\n\r\n<p>Đặc biệt hơn, ngay hướng 6 giờ của sản phẩm c&ograve;n xuất hiện d&ograve;ng chữ &ldquo;Genuine Diamonds&rdquo; minh chứng cho việc tất cả những vi&ecirc;n kim cương n&agrave;y đều l&agrave; kim cương tự nhi&ecirc;n, tức l&agrave; ch&uacute;ng được khai th&aacute;c từ thi&ecirc;n nhi&ecirc;n, chứ kh&ocirc;ng phải loại kim cương được tổng hợp hay chế t&aacute;c nh&acirc;n tạo.</p>\r\n\r\n<p>Điều n&agrave;y kh&ocirc;ng chỉ l&agrave;m tăng gi&aacute; trị của chiếc đồng hồ kim loại n&agrave;y m&agrave; c&ograve;n gi&uacute;p kh&iacute; chất của người chủ nh&acirc;n trở n&ecirc;n l&ocirc;i cuốn, tự tin hơn khi đeo sản phẩm tr&ecirc;n cổ tay.</p>\r\n\r\n<p><img alt=\"Thông tin chi tiết về chiếc đồng hồ nam Doxa D220SSV - Ảnh: 2\" src=\"https://cdn3.dhht.vn/wp-content/uploads/2020/07/Thong-tin-chi-tiet-ve-chiec-dong-ho-nam-Doxa-D220SSV-2.jpg\" /></p>\r\n\r\n<p><em>Những vi&ecirc;n kim cương thật c&ograve;n g&oacute;p phần l&agrave;m tăng gi&aacute; trị cho chiếc đồng hồ&nbsp; nam n&agrave;y</em></p>\r\n\r\n<p>&nbsp;</p>\r\n\r\n<p><strong><em>▶&nbsp;Họa tiết Guilloche nghệ thuật</em></strong></p>\r\n\r\n<p>Nhằm mục đ&iacute;ch tạo chiều s&acirc;u cho thiết kế mặt số v&agrave; trang tr&iacute; cho nền đồng hồ, Doxa D220SSV c&ograve;n được nh&agrave; sản xuất bố tr&iacute; th&ecirc;m sự xuất hiện của họa tiết Guilloche độc đ&aacute;o chia bề mặt sản phẩm ra l&agrave;m 2 l&ograve;ng: l&ograve;ng ngo&agrave;i v&agrave; l&ograve;ng trong.</p>\r\n\r\n<p>Cụ thể, l&ograve;ng ngo&agrave;i l&agrave; những đường tr&ograve;n đồng t&acirc;m với sự sắp xếp san s&aacute;t nhau, c&ograve;n l&ograve;ng trong l&agrave; sự xuất hiện của những đường cong theo một trật tự logic, mang đến cho người xem h&igrave;nh ảnh một đ&oacute;a hoa nhiều c&aacute;nh xuất ph&aacute;t từ t&acirc;m đồng hồ.</p>\r\n\r\n<p>Người d&ugrave;ng chỉ c&oacute; thể dễ d&agrave;ng t&igrave;m thấy họa tiết Guilloche n&agrave;y tr&ecirc;n những d&ograve;ng sản phẩm đắt tiền từ Thụy Sỹ, bởi kh&acirc;u chế t&aacute;c ch&uacute;ng rất tỉ mỉ v&agrave; tinh tế, y&ecirc;u cầu kỹ thuật v&agrave; m&aacute;y m&oacute;c phức tạp n&ecirc;n những phi&ecirc;n bản gi&aacute; rẻ thường kh&ocirc;ng đầu tư v&agrave;o họa tiết n&agrave;y.</p>\r\n\r\n<p><img alt=\"Thông tin chi tiết về chiếc đồng hồ nam Doxa D220SSV - Ảnh: 3\" src=\"https://cdn3.dhht.vn/wp-content/uploads/2020/07/Thong-tin-chi-tiet-ve-chiec-dong-ho-nam-Doxa-D220SSV-3.jpg\" /></p>\r\n\r\n<p><em>Dễ d&agrave;ng nhận thấy họa tiết Guilloch&eacute; v&ocirc; c&ugrave;ng phức tạp tr&ecirc;n mặt số đồng hồ</em></p>\r\n\r\n<p>&nbsp;</p>\r\n\r\n<p><strong><em>▶&nbsp;Vẫn l&agrave; mặt k&iacute;nh sapphire chống trầy thường thấy</em></strong></p>\r\n\r\n<p>Kh&ocirc;ng phải tự dưng m&agrave; k&iacute;nh saphire lại được c&aacute;c thương hiệu Thụy Sỹ từ b&igrave;nh d&acirc;n đến nổi tiếng chọn để trang bị cho c&aacute;c sản phẩm của m&igrave;nh. Nguy&ecirc;n nh&acirc;n nh&agrave; nhờ những ưu điểm nổi trội của&nbsp;<a href=\"https://donghohaitrieu.com/tin-tuc/dong-ho/toan-bo-su-that-ve-mat-kinh-sapphire-cua-dong-ho.html\" rel=\"noopener noreferrer\" target=\"_blank\">sapphire</a>&nbsp;so với c&aacute;c loại k&iacute;nh kh&aacute;c tr&ecirc;n thị trường, cụ thể:</p>\r\n\r\n<p>Khả năng hạn chế trầy xước cao, những va quẹt hằng ng&agrave;y giờ đ&acirc;y kh&ocirc;ng c&ograve;n l&agrave; vấn đề đ&aacute;ng quan ngại.</p>\r\n\r\n<p>Độ cứng tốt, chỉ đứng sau kim cương trong bảng xếp hạng Mohs.</p>\r\n\r\n<p>Đặc biệt đ&oacute; ch&iacute;nh l&agrave; sự hiển thị trong suốt, cho c&aacute;c chi tiết thời gian b&ecirc;n tr&ecirc;n mặt số được r&otilde; n&eacute;t hơn bao giờ hết.</p>\r\n\r\n<h3><strong>2. THIẾT KẾ D&Acirc;Y ĐEO ĐỒNG HỒ</strong></h3>\r\n\r\n<p>Doxa D220SSV l&agrave; chiếc đồng hồ kim loại cao cấp, ch&iacute;nh v&igrave; thế sản phẩm được chế t&aacute;c ho&agrave;n to&agrave;n bằng chất liệu&nbsp;<a href=\"https://donghohaitrieu.com/tin-tuc/dong-ho/thep-khong-gi-316l-la-gi-tai-sao-duoc-su-dung-trong-che-tac-dong-ho.html\" rel=\"noopener noreferrer\" target=\"_blank\">th&eacute;p kh&ocirc;ng gỉ 316L</a>, đem đến cho người d&ugrave;ng sự bền bỉ v&agrave; vẻ ngo&agrave;i s&aacute;ng b&oacute;ng c&ugrave;ng thời gian.&nbsp;</p>\r\n\r\n<p>Nguy&ecirc;n nh&acirc;n th&eacute;p kh&ocirc;ng gỉ được thương hiệu Doxa vận dụng triệt để v&agrave;o chế t&aacute;c đồng hồ l&agrave; nhờ:</p>\r\n\r\n<p>●&nbsp;Độ cứng cao n&ecirc;n hạn chế những hậu quả xấu để lại trong c&aacute;c trường hợp như va quẹt, rơi rớt sản phẩm.</p>\r\n\r\n<p>●&nbsp;Kh&ocirc;ng bị bong tr&oacute;c, xỉn m&agrave;u v&agrave; độ bền tốt, ch&iacute;nh v&igrave; thế m&agrave; người d&ugrave;ng kh&ocirc;ng cần phải tahy d&acirc;y thường xuy&ecirc;n như chất liệu d&acirc;y da.</p>\r\n\r\n<p>●&nbsp;Kh&ocirc;ng xuất hiện mồ h&ocirc;i kh&oacute; chịu khi tiếp x&uacute;c với nước v&agrave; m&ocirc;i trường ẩm ướt.</p>\r\n\r\n<p>●&nbsp;Dễ d&agrave;ng vệ sinh v&agrave; đặc biệt c&oacute; thể đ&aacute;nh b&oacute;ng để lấy lại vẻ đẹp nguy&ecirc;n thủy của sản phẩm.</p>\r\n\r\n<p><img alt=\"Thông tin chi tiết về chiếc đồng hồ nam Doxa D220SSV - Ảnh: 4\" src=\"https://cdn3.dhht.vn/wp-content/uploads/2020/07/Thong-tin-chi-tiet-ve-chiec-dong-ho-nam-Doxa-D220SSV-5.jpg\" /></p>\r\n\r\n<p><em>Bộ phận d&acirc;y đeo của&nbsp;Doxa D220SSV được chế t&aacute;c từ nhiều mắc x&iacute;ch nhỏ đan xem với nhau</em></p>\r\n\r\n<p><em>Trung Hiếu</em></p>\r\n', 0, '1629925008_R.jfif', 5200000, 10, 20, 4);
INSERT INTO `products` (`id`, `name`, `about`, `content`, `hot`, `photo`, `price`, `discount`, `category_id`, `fields_id`) VALUES
(15, 'LVYIN', '<p>Lvyin watch is a famous brand in the world with the high quality and automatic machine.</p>\r\n', '<h2><strong>TH&Ocirc;NG TIN CHI TIẾT VỀ CHIẾC ĐỒNG HỒ NAM DOXA D220SSV</strong></h2>\r\n\r\n<p>Tuy tr&igrave;nh l&agrave;ng từ kh&aacute; sớm, khoảng từ những năm 1889, thế nhưng c&aacute;i t&ecirc;n Doxa thực sự chỉ mới du nhập v&agrave;o Việt Nam trong thời gian gần đ&acirc;y, ch&iacute;nh v&igrave; thế m&agrave; kh&ocirc;ng tr&aacute;nh khỏi việc nhiều người chưa biết đến thương hiệu n&agrave;y.</p>\r\n\r\n<p>Theo đ&oacute;, Doxa l&agrave; một trong những h&atilde;ng sản xuất đồng hồ danh gi&aacute; v&agrave; ch&iacute;nh thống của Thụy Sỹ, c&oacute; lịch sử ph&aacute;t triển hơn 130 năm v&agrave; cũng l&agrave; c&aacute;i t&ecirc;n đi đầu trong việc sử dụng&nbsp;<a href=\"https://donghohaitrieu.com/tin-tuc/dong-ho/kim-cuong-la-gi-y-nghia-kim-cuong-trong-lam-an-phong-thuy.html\" rel=\"noopener noreferrer\" target=\"_blank\">kim cương</a>&nbsp;thật l&ecirc;n&nbsp;<a href=\"https://donghohaitrieu.com/dong-ho-deo-tay-chinh-hang\" rel=\"noopener noreferrer\" target=\"_blank\">đồng hồ đeo tay</a>.</p>\r\n\r\n<p>Những thiết kế của h&atilde;ng thường kh&ocirc;ng chạy theo xu hướng thời đại, mỗi sản phẩm đều mang đậm n&eacute;t đặc trưng ri&ecirc;ng của thương hiệu n&agrave;y. Đơn cử như phi&ecirc;n bản đồng hồ Doxa nam với số hiệu Doxa D220SSV dưới đ&acirc;y.</p>\r\n\r\n<p>&nbsp;</p>\r\n\r\n<p><img alt=\"Triển lãm đồng hồ lớn nhất thế giới Baselworld mất dần sức hấp dẫn | VTV.VN\" src=\"https://vtv1.mediacdn.vn/thumb_w/650/2018/3/23/dongho230318-15217821803561915207800.jpg\" /></p>\r\n\r\n<p>Nhấn để ph&oacute;ng to ảnh</p>\r\n\r\n<h3><strong>1. THIẾT KẾ MẶT SỐ ĐỒNG HỒ</strong></h3>\r\n\r\n<p>Thoạt nh&igrave;n, tưởng chừng như cỗ m&aacute;y thời gian n&agrave;y c&oacute; thiết kế đơn giản. Tuy nhi&ecirc;n, nếu quan s&aacute;t kỹ, bạn sẽ nhận ra rằng mỗi một chi tiết đều l&agrave; kh&acirc;u chế t&aacute;c v&ocirc; c&ugrave;ng kỳ c&ocirc;ng v&agrave; tỉ mỉ, cụ thể:</p>\r\n\r\n<p><strong><em>▶&nbsp;14 vi&ecirc;n kim cương gi&aacute; trị tr&ecirc;n&nbsp;<a href=\"https://donghohaitrieu.com/tin-tuc/dong-ho/nhan-biet-cac-kieu-mat-dong-ho-deo-tay-pho-bien-nhat-hien-nay.html\" rel=\"noopener noreferrer\" target=\"_blank\">mặt đồng hồ</a></em></strong></p>\r\n\r\n<p>Kh&ocirc;ng phải 6 vi&ecirc;n hay 8 vi&ecirc;n như thường thấy, chiếc&nbsp;<a href=\"https://donghohaitrieu.com/danh-muc/dong-ho-nam\" rel=\"noopener noreferrer\" target=\"_blank\">đồng hồ nam</a>&nbsp;Doxa D220SSV lần n&agrave;y được h&atilde;ng v&ocirc; c&ugrave;ng ưu &aacute;i khi trang bị số lượng kim cương tr&ecirc;n mặt số l&ecirc;n đến 14 vi&ecirc;n.</p>\r\n\r\n<p>Đặc biệt hơn, ngay hướng 6 giờ của sản phẩm c&ograve;n xuất hiện d&ograve;ng chữ &ldquo;Genuine Diamonds&rdquo; minh chứng cho việc tất cả những vi&ecirc;n kim cương n&agrave;y đều l&agrave; kim cương tự nhi&ecirc;n, tức l&agrave; ch&uacute;ng được khai th&aacute;c từ thi&ecirc;n nhi&ecirc;n, chứ kh&ocirc;ng phải loại kim cương được tổng hợp hay chế t&aacute;c nh&acirc;n tạo.</p>\r\n\r\n<p>Điều n&agrave;y kh&ocirc;ng chỉ l&agrave;m tăng gi&aacute; trị của chiếc đồng hồ kim loại n&agrave;y m&agrave; c&ograve;n gi&uacute;p kh&iacute; chất của người chủ nh&acirc;n trở n&ecirc;n l&ocirc;i cuốn, tự tin hơn khi đeo sản phẩm tr&ecirc;n cổ tay.</p>\r\n\r\n<p><img alt=\"Thông tin chi tiết về chiếc đồng hồ nam Doxa D220SSV - Ảnh: 2\" src=\"https://cdn3.dhht.vn/wp-content/uploads/2020/07/Thong-tin-chi-tiet-ve-chiec-dong-ho-nam-Doxa-D220SSV-2.jpg\" /></p>\r\n\r\n<p><em>Những vi&ecirc;n kim cương thật c&ograve;n g&oacute;p phần l&agrave;m tăng gi&aacute; trị cho chiếc đồng hồ&nbsp; nam n&agrave;y</em></p>\r\n\r\n<p>&nbsp;</p>\r\n\r\n<p><strong><em>▶&nbsp;Họa tiết Guilloche nghệ thuật</em></strong></p>\r\n\r\n<p>Nhằm mục đ&iacute;ch tạo chiều s&acirc;u cho thiết kế mặt số v&agrave; trang tr&iacute; cho nền đồng hồ, Doxa D220SSV c&ograve;n được nh&agrave; sản xuất bố tr&iacute; th&ecirc;m sự xuất hiện của họa tiết Guilloche độc đ&aacute;o chia bề mặt sản phẩm ra l&agrave;m 2 l&ograve;ng: l&ograve;ng ngo&agrave;i v&agrave; l&ograve;ng trong.</p>\r\n\r\n<p>Cụ thể, l&ograve;ng ngo&agrave;i l&agrave; những đường tr&ograve;n đồng t&acirc;m với sự sắp xếp san s&aacute;t nhau, c&ograve;n l&ograve;ng trong l&agrave; sự xuất hiện của những đường cong theo một trật tự logic, mang đến cho người xem h&igrave;nh ảnh một đ&oacute;a hoa nhiều c&aacute;nh xuất ph&aacute;t từ t&acirc;m đồng hồ.</p>\r\n\r\n<p>Người d&ugrave;ng chỉ c&oacute; thể dễ d&agrave;ng t&igrave;m thấy họa tiết Guilloche n&agrave;y tr&ecirc;n những d&ograve;ng sản phẩm đắt tiền từ Thụy Sỹ, bởi kh&acirc;u chế t&aacute;c ch&uacute;ng rất tỉ mỉ v&agrave; tinh tế, y&ecirc;u cầu kỹ thuật v&agrave; m&aacute;y m&oacute;c phức tạp n&ecirc;n những phi&ecirc;n bản gi&aacute; rẻ thường kh&ocirc;ng đầu tư v&agrave;o họa tiết n&agrave;y.</p>\r\n\r\n<p><img alt=\"Thông tin chi tiết về chiếc đồng hồ nam Doxa D220SSV - Ảnh: 3\" src=\"https://cdn3.dhht.vn/wp-content/uploads/2020/07/Thong-tin-chi-tiet-ve-chiec-dong-ho-nam-Doxa-D220SSV-3.jpg\" /></p>\r\n\r\n<p><em>Dễ d&agrave;ng nhận thấy họa tiết Guilloch&eacute; v&ocirc; c&ugrave;ng phức tạp tr&ecirc;n mặt số đồng hồ</em></p>\r\n\r\n<p>&nbsp;</p>\r\n\r\n<p><strong><em>▶&nbsp;Vẫn l&agrave; mặt k&iacute;nh sapphire chống trầy thường thấy</em></strong></p>\r\n\r\n<p>Kh&ocirc;ng phải tự dưng m&agrave; k&iacute;nh saphire lại được c&aacute;c thương hiệu Thụy Sỹ từ b&igrave;nh d&acirc;n đến nổi tiếng chọn để trang bị cho c&aacute;c sản phẩm của m&igrave;nh. Nguy&ecirc;n nh&acirc;n nh&agrave; nhờ những ưu điểm nổi trội của&nbsp;<a href=\"https://donghohaitrieu.com/tin-tuc/dong-ho/toan-bo-su-that-ve-mat-kinh-sapphire-cua-dong-ho.html\" rel=\"noopener noreferrer\" target=\"_blank\">sapphire</a>&nbsp;so với c&aacute;c loại k&iacute;nh kh&aacute;c tr&ecirc;n thị trường, cụ thể:</p>\r\n\r\n<p>Khả năng hạn chế trầy xước cao, những va quẹt hằng ng&agrave;y giờ đ&acirc;y kh&ocirc;ng c&ograve;n l&agrave; vấn đề đ&aacute;ng quan ngại.</p>\r\n\r\n<p>Độ cứng tốt, chỉ đứng sau kim cương trong bảng xếp hạng Mohs.</p>\r\n\r\n<p>Đặc biệt đ&oacute; ch&iacute;nh l&agrave; sự hiển thị trong suốt, cho c&aacute;c chi tiết thời gian b&ecirc;n tr&ecirc;n mặt số được r&otilde; n&eacute;t hơn bao giờ hết.</p>\r\n\r\n<h3><strong>2. THIẾT KẾ D&Acirc;Y ĐEO ĐỒNG HỒ</strong></h3>\r\n\r\n<p>Doxa D220SSV l&agrave; chiếc đồng hồ kim loại cao cấp, ch&iacute;nh v&igrave; thế sản phẩm được chế t&aacute;c ho&agrave;n to&agrave;n bằng chất liệu&nbsp;<a href=\"https://donghohaitrieu.com/tin-tuc/dong-ho/thep-khong-gi-316l-la-gi-tai-sao-duoc-su-dung-trong-che-tac-dong-ho.html\" rel=\"noopener noreferrer\" target=\"_blank\">th&eacute;p kh&ocirc;ng gỉ 316L</a>, đem đến cho người d&ugrave;ng sự bền bỉ v&agrave; vẻ ngo&agrave;i s&aacute;ng b&oacute;ng c&ugrave;ng thời gian.&nbsp;</p>\r\n\r\n<p>Nguy&ecirc;n nh&acirc;n th&eacute;p kh&ocirc;ng gỉ được thương hiệu Doxa vận dụng triệt để v&agrave;o chế t&aacute;c đồng hồ l&agrave; nhờ:</p>\r\n\r\n<p>●&nbsp;Độ cứng cao n&ecirc;n hạn chế những hậu quả xấu để lại trong c&aacute;c trường hợp như va quẹt, rơi rớt sản phẩm.</p>\r\n\r\n<p>●&nbsp;Kh&ocirc;ng bị bong tr&oacute;c, xỉn m&agrave;u v&agrave; độ bền tốt, ch&iacute;nh v&igrave; thế m&agrave; người d&ugrave;ng kh&ocirc;ng cần phải tahy d&acirc;y thường xuy&ecirc;n như chất liệu d&acirc;y da.</p>\r\n\r\n<p>●&nbsp;Kh&ocirc;ng xuất hiện mồ h&ocirc;i kh&oacute; chịu khi tiếp x&uacute;c với nước v&agrave; m&ocirc;i trường ẩm ướt.</p>\r\n\r\n<p>●&nbsp;Dễ d&agrave;ng vệ sinh v&agrave; đặc biệt c&oacute; thể đ&aacute;nh b&oacute;ng để lấy lại vẻ đẹp nguy&ecirc;n thủy của sản phẩm.</p>\r\n\r\n<p><img alt=\"Thông tin chi tiết về chiếc đồng hồ nam Doxa D220SSV - Ảnh: 4\" src=\"https://cdn3.dhht.vn/wp-content/uploads/2020/07/Thong-tin-chi-tiet-ve-chiec-dong-ho-nam-Doxa-D220SSV-5.jpg\" /></p>\r\n\r\n<p><em>Bộ phận d&acirc;y đeo của&nbsp;Doxa D220SSV được chế t&aacute;c từ nhiều mắc x&iacute;ch nhỏ đan xem với nhau</em></p>\r\n\r\n<p><em>Trung Hiếu</em></p>\r\n', 0, '1629496853_anh12.jpg', 4300000, 20, 20, 1),
(16, 'CHOPARD', '<p>Chopard watch is a famous brand in the world with the high quality and automatic machine.</p>\r\n', '<h2><strong>TH&Ocirc;NG TIN CHI TIẾT VỀ CHIẾC ĐỒNG HỒ NAM DOXA D220SSV</strong></h2>\r\n\r\n<p>Tuy tr&igrave;nh l&agrave;ng từ kh&aacute; sớm, khoảng từ những năm 1889, thế nhưng c&aacute;i t&ecirc;n Doxa thực sự chỉ mới du nhập v&agrave;o Việt Nam trong thời gian gần đ&acirc;y, ch&iacute;nh v&igrave; thế m&agrave; kh&ocirc;ng tr&aacute;nh khỏi việc nhiều người chưa biết đến thương hiệu n&agrave;y.</p>\r\n\r\n<p>Theo đ&oacute;, Doxa l&agrave; một trong những h&atilde;ng sản xuất đồng hồ danh gi&aacute; v&agrave; ch&iacute;nh thống của Thụy Sỹ, c&oacute; lịch sử ph&aacute;t triển hơn 130 năm v&agrave; cũng l&agrave; c&aacute;i t&ecirc;n đi đầu trong việc sử dụng&nbsp;<a href=\"https://donghohaitrieu.com/tin-tuc/dong-ho/kim-cuong-la-gi-y-nghia-kim-cuong-trong-lam-an-phong-thuy.html\" rel=\"noopener noreferrer\" target=\"_blank\">kim cương</a>&nbsp;thật l&ecirc;n&nbsp;<a href=\"https://donghohaitrieu.com/dong-ho-deo-tay-chinh-hang\" rel=\"noopener noreferrer\" target=\"_blank\">đồng hồ đeo tay</a>.</p>\r\n\r\n<p>Những thiết kế của h&atilde;ng thường kh&ocirc;ng chạy theo xu hướng thời đại, mỗi sản phẩm đều mang đậm n&eacute;t đặc trưng ri&ecirc;ng của thương hiệu n&agrave;y. Đơn cử như phi&ecirc;n bản đồng hồ Doxa nam với số hiệu Doxa D220SSV dưới đ&acirc;y.</p>\r\n\r\n<p>&nbsp;</p>\r\n\r\n<p><img alt=\"Triển lãm đồng hồ lớn nhất thế giới Baselworld mất dần sức hấp dẫn | VTV.VN\" src=\"https://vtv1.mediacdn.vn/thumb_w/650/2018/3/23/dongho230318-15217821803561915207800.jpg\" /></p>\r\n\r\n<p>Nhấn để ph&oacute;ng to ảnh</p>\r\n\r\n<h3><strong>1. THIẾT KẾ MẶT SỐ ĐỒNG HỒ</strong></h3>\r\n\r\n<p>Thoạt nh&igrave;n, tưởng chừng như cỗ m&aacute;y thời gian n&agrave;y c&oacute; thiết kế đơn giản. Tuy nhi&ecirc;n, nếu quan s&aacute;t kỹ, bạn sẽ nhận ra rằng mỗi một chi tiết đều l&agrave; kh&acirc;u chế t&aacute;c v&ocirc; c&ugrave;ng kỳ c&ocirc;ng v&agrave; tỉ mỉ, cụ thể:</p>\r\n\r\n<p><strong><em>▶&nbsp;14 vi&ecirc;n kim cương gi&aacute; trị tr&ecirc;n&nbsp;<a href=\"https://donghohaitrieu.com/tin-tuc/dong-ho/nhan-biet-cac-kieu-mat-dong-ho-deo-tay-pho-bien-nhat-hien-nay.html\" rel=\"noopener noreferrer\" target=\"_blank\">mặt đồng hồ</a></em></strong></p>\r\n\r\n<p>Kh&ocirc;ng phải 6 vi&ecirc;n hay 8 vi&ecirc;n như thường thấy, chiếc&nbsp;<a href=\"https://donghohaitrieu.com/danh-muc/dong-ho-nam\" rel=\"noopener noreferrer\" target=\"_blank\">đồng hồ nam</a>&nbsp;Doxa D220SSV lần n&agrave;y được h&atilde;ng v&ocirc; c&ugrave;ng ưu &aacute;i khi trang bị số lượng kim cương tr&ecirc;n mặt số l&ecirc;n đến 14 vi&ecirc;n.</p>\r\n\r\n<p>Đặc biệt hơn, ngay hướng 6 giờ của sản phẩm c&ograve;n xuất hiện d&ograve;ng chữ &ldquo;Genuine Diamonds&rdquo; minh chứng cho việc tất cả những vi&ecirc;n kim cương n&agrave;y đều l&agrave; kim cương tự nhi&ecirc;n, tức l&agrave; ch&uacute;ng được khai th&aacute;c từ thi&ecirc;n nhi&ecirc;n, chứ kh&ocirc;ng phải loại kim cương được tổng hợp hay chế t&aacute;c nh&acirc;n tạo.</p>\r\n\r\n<p>Điều n&agrave;y kh&ocirc;ng chỉ l&agrave;m tăng gi&aacute; trị của chiếc đồng hồ kim loại n&agrave;y m&agrave; c&ograve;n gi&uacute;p kh&iacute; chất của người chủ nh&acirc;n trở n&ecirc;n l&ocirc;i cuốn, tự tin hơn khi đeo sản phẩm tr&ecirc;n cổ tay.</p>\r\n\r\n<p><img alt=\"Thông tin chi tiết về chiếc đồng hồ nam Doxa D220SSV - Ảnh: 2\" src=\"https://cdn3.dhht.vn/wp-content/uploads/2020/07/Thong-tin-chi-tiet-ve-chiec-dong-ho-nam-Doxa-D220SSV-2.jpg\" /></p>\r\n\r\n<p><em>Những vi&ecirc;n kim cương thật c&ograve;n g&oacute;p phần l&agrave;m tăng gi&aacute; trị cho chiếc đồng hồ&nbsp; nam n&agrave;y</em></p>\r\n\r\n<p>&nbsp;</p>\r\n\r\n<p><strong><em>▶&nbsp;Họa tiết Guilloche nghệ thuật</em></strong></p>\r\n\r\n<p>Nhằm mục đ&iacute;ch tạo chiều s&acirc;u cho thiết kế mặt số v&agrave; trang tr&iacute; cho nền đồng hồ, Doxa D220SSV c&ograve;n được nh&agrave; sản xuất bố tr&iacute; th&ecirc;m sự xuất hiện của họa tiết Guilloche độc đ&aacute;o chia bề mặt sản phẩm ra l&agrave;m 2 l&ograve;ng: l&ograve;ng ngo&agrave;i v&agrave; l&ograve;ng trong.</p>\r\n\r\n<p>Cụ thể, l&ograve;ng ngo&agrave;i l&agrave; những đường tr&ograve;n đồng t&acirc;m với sự sắp xếp san s&aacute;t nhau, c&ograve;n l&ograve;ng trong l&agrave; sự xuất hiện của những đường cong theo một trật tự logic, mang đến cho người xem h&igrave;nh ảnh một đ&oacute;a hoa nhiều c&aacute;nh xuất ph&aacute;t từ t&acirc;m đồng hồ.</p>\r\n\r\n<p>Người d&ugrave;ng chỉ c&oacute; thể dễ d&agrave;ng t&igrave;m thấy họa tiết Guilloche n&agrave;y tr&ecirc;n những d&ograve;ng sản phẩm đắt tiền từ Thụy Sỹ, bởi kh&acirc;u chế t&aacute;c ch&uacute;ng rất tỉ mỉ v&agrave; tinh tế, y&ecirc;u cầu kỹ thuật v&agrave; m&aacute;y m&oacute;c phức tạp n&ecirc;n những phi&ecirc;n bản gi&aacute; rẻ thường kh&ocirc;ng đầu tư v&agrave;o họa tiết n&agrave;y.</p>\r\n\r\n<p><img alt=\"Thông tin chi tiết về chiếc đồng hồ nam Doxa D220SSV - Ảnh: 3\" src=\"https://cdn3.dhht.vn/wp-content/uploads/2020/07/Thong-tin-chi-tiet-ve-chiec-dong-ho-nam-Doxa-D220SSV-3.jpg\" /></p>\r\n\r\n<p><em>Dễ d&agrave;ng nhận thấy họa tiết Guilloch&eacute; v&ocirc; c&ugrave;ng phức tạp tr&ecirc;n mặt số đồng hồ</em></p>\r\n\r\n<p>&nbsp;</p>\r\n\r\n<p><strong><em>▶&nbsp;Vẫn l&agrave; mặt k&iacute;nh sapphire chống trầy thường thấy</em></strong></p>\r\n\r\n<p>Kh&ocirc;ng phải tự dưng m&agrave; k&iacute;nh saphire lại được c&aacute;c thương hiệu Thụy Sỹ từ b&igrave;nh d&acirc;n đến nổi tiếng chọn để trang bị cho c&aacute;c sản phẩm của m&igrave;nh. Nguy&ecirc;n nh&acirc;n nh&agrave; nhờ những ưu điểm nổi trội của&nbsp;<a href=\"https://donghohaitrieu.com/tin-tuc/dong-ho/toan-bo-su-that-ve-mat-kinh-sapphire-cua-dong-ho.html\" rel=\"noopener noreferrer\" target=\"_blank\">sapphire</a>&nbsp;so với c&aacute;c loại k&iacute;nh kh&aacute;c tr&ecirc;n thị trường, cụ thể:</p>\r\n\r\n<p>Khả năng hạn chế trầy xước cao, những va quẹt hằng ng&agrave;y giờ đ&acirc;y kh&ocirc;ng c&ograve;n l&agrave; vấn đề đ&aacute;ng quan ngại.</p>\r\n\r\n<p>Độ cứng tốt, chỉ đứng sau kim cương trong bảng xếp hạng Mohs.</p>\r\n\r\n<p>Đặc biệt đ&oacute; ch&iacute;nh l&agrave; sự hiển thị trong suốt, cho c&aacute;c chi tiết thời gian b&ecirc;n tr&ecirc;n mặt số được r&otilde; n&eacute;t hơn bao giờ hết.</p>\r\n\r\n<h3><strong>2. THIẾT KẾ D&Acirc;Y ĐEO ĐỒNG HỒ</strong></h3>\r\n\r\n<p>Doxa D220SSV l&agrave; chiếc đồng hồ kim loại cao cấp, ch&iacute;nh v&igrave; thế sản phẩm được chế t&aacute;c ho&agrave;n to&agrave;n bằng chất liệu&nbsp;<a href=\"https://donghohaitrieu.com/tin-tuc/dong-ho/thep-khong-gi-316l-la-gi-tai-sao-duoc-su-dung-trong-che-tac-dong-ho.html\" rel=\"noopener noreferrer\" target=\"_blank\">th&eacute;p kh&ocirc;ng gỉ 316L</a>, đem đến cho người d&ugrave;ng sự bền bỉ v&agrave; vẻ ngo&agrave;i s&aacute;ng b&oacute;ng c&ugrave;ng thời gian.&nbsp;</p>\r\n\r\n<p>Nguy&ecirc;n nh&acirc;n th&eacute;p kh&ocirc;ng gỉ được thương hiệu Doxa vận dụng triệt để v&agrave;o chế t&aacute;c đồng hồ l&agrave; nhờ:</p>\r\n\r\n<p>●&nbsp;Độ cứng cao n&ecirc;n hạn chế những hậu quả xấu để lại trong c&aacute;c trường hợp như va quẹt, rơi rớt sản phẩm.</p>\r\n\r\n<p>●&nbsp;Kh&ocirc;ng bị bong tr&oacute;c, xỉn m&agrave;u v&agrave; độ bền tốt, ch&iacute;nh v&igrave; thế m&agrave; người d&ugrave;ng kh&ocirc;ng cần phải tahy d&acirc;y thường xuy&ecirc;n như chất liệu d&acirc;y da.</p>\r\n\r\n<p>●&nbsp;Kh&ocirc;ng xuất hiện mồ h&ocirc;i kh&oacute; chịu khi tiếp x&uacute;c với nước v&agrave; m&ocirc;i trường ẩm ướt.</p>\r\n\r\n<p>●&nbsp;Dễ d&agrave;ng vệ sinh v&agrave; đặc biệt c&oacute; thể đ&aacute;nh b&oacute;ng để lấy lại vẻ đẹp nguy&ecirc;n thủy của sản phẩm.</p>\r\n\r\n<p><img alt=\"Thông tin chi tiết về chiếc đồng hồ nam Doxa D220SSV - Ảnh: 4\" src=\"https://cdn3.dhht.vn/wp-content/uploads/2020/07/Thong-tin-chi-tiet-ve-chiec-dong-ho-nam-Doxa-D220SSV-5.jpg\" /></p>\r\n\r\n<p><em>Bộ phận d&acirc;y đeo của&nbsp;Doxa D220SSV được chế t&aacute;c từ nhiều mắc x&iacute;ch nhỏ đan xem với nhau</em></p>\r\n\r\n<p><em>Trung Hiếu</em></p>\r\n', 0, '1629496825_anh11.jpg', 5300000, 2, 23, 2),
(17, 'HAIQIN', '<p>Haiqin watch is a famous brand in the world with the high quality and automatic machine.</p>\r\n', '<h2><strong>TH&Ocirc;NG TIN CHI TIẾT VỀ CHIẾC ĐỒNG HỒ NAM DOXA D220SSV</strong></h2>\r\n\r\n<p>Tuy tr&igrave;nh l&agrave;ng từ kh&aacute; sớm, khoảng từ những năm 1889, thế nhưng c&aacute;i t&ecirc;n Doxa thực sự chỉ mới du nhập v&agrave;o Việt Nam trong thời gian gần đ&acirc;y, ch&iacute;nh v&igrave; thế m&agrave; kh&ocirc;ng tr&aacute;nh khỏi việc nhiều người chưa biết đến thương hiệu n&agrave;y.</p>\r\n\r\n<p>Theo đ&oacute;, Doxa l&agrave; một trong những h&atilde;ng sản xuất đồng hồ danh gi&aacute; v&agrave; ch&iacute;nh thống của Thụy Sỹ, c&oacute; lịch sử ph&aacute;t triển hơn 130 năm v&agrave; cũng l&agrave; c&aacute;i t&ecirc;n đi đầu trong việc sử dụng&nbsp;<a href=\"https://donghohaitrieu.com/tin-tuc/dong-ho/kim-cuong-la-gi-y-nghia-kim-cuong-trong-lam-an-phong-thuy.html\" rel=\"noopener noreferrer\" target=\"_blank\">kim cương</a>&nbsp;thật l&ecirc;n&nbsp;<a href=\"https://donghohaitrieu.com/dong-ho-deo-tay-chinh-hang\" rel=\"noopener noreferrer\" target=\"_blank\">đồng hồ đeo tay</a>.</p>\r\n\r\n<p>Những thiết kế của h&atilde;ng thường kh&ocirc;ng chạy theo xu hướng thời đại, mỗi sản phẩm đều mang đậm n&eacute;t đặc trưng ri&ecirc;ng của thương hiệu n&agrave;y. Đơn cử như phi&ecirc;n bản đồng hồ Doxa nam với số hiệu Doxa D220SSV dưới đ&acirc;y.</p>\r\n\r\n<p>&nbsp;</p>\r\n\r\n<p><img alt=\"Triển lãm đồng hồ lớn nhất thế giới Baselworld mất dần sức hấp dẫn | VTV.VN\" src=\"https://vtv1.mediacdn.vn/thumb_w/650/2018/3/23/dongho230318-15217821803561915207800.jpg\" /></p>\r\n\r\n<p>Nhấn để ph&oacute;ng to ảnh</p>\r\n\r\n<h3><strong>1. THIẾT KẾ MẶT SỐ ĐỒNG HỒ</strong></h3>\r\n\r\n<p>Thoạt nh&igrave;n, tưởng chừng như cỗ m&aacute;y thời gian n&agrave;y c&oacute; thiết kế đơn giản. Tuy nhi&ecirc;n, nếu quan s&aacute;t kỹ, bạn sẽ nhận ra rằng mỗi một chi tiết đều l&agrave; kh&acirc;u chế t&aacute;c v&ocirc; c&ugrave;ng kỳ c&ocirc;ng v&agrave; tỉ mỉ, cụ thể:</p>\r\n\r\n<p><strong><em>▶&nbsp;14 vi&ecirc;n kim cương gi&aacute; trị tr&ecirc;n&nbsp;<a href=\"https://donghohaitrieu.com/tin-tuc/dong-ho/nhan-biet-cac-kieu-mat-dong-ho-deo-tay-pho-bien-nhat-hien-nay.html\" rel=\"noopener noreferrer\" target=\"_blank\">mặt đồng hồ</a></em></strong></p>\r\n\r\n<p>Kh&ocirc;ng phải 6 vi&ecirc;n hay 8 vi&ecirc;n như thường thấy, chiếc&nbsp;<a href=\"https://donghohaitrieu.com/danh-muc/dong-ho-nam\" rel=\"noopener noreferrer\" target=\"_blank\">đồng hồ nam</a>&nbsp;Doxa D220SSV lần n&agrave;y được h&atilde;ng v&ocirc; c&ugrave;ng ưu &aacute;i khi trang bị số lượng kim cương tr&ecirc;n mặt số l&ecirc;n đến 14 vi&ecirc;n.</p>\r\n\r\n<p>Đặc biệt hơn, ngay hướng 6 giờ của sản phẩm c&ograve;n xuất hiện d&ograve;ng chữ &ldquo;Genuine Diamonds&rdquo; minh chứng cho việc tất cả những vi&ecirc;n kim cương n&agrave;y đều l&agrave; kim cương tự nhi&ecirc;n, tức l&agrave; ch&uacute;ng được khai th&aacute;c từ thi&ecirc;n nhi&ecirc;n, chứ kh&ocirc;ng phải loại kim cương được tổng hợp hay chế t&aacute;c nh&acirc;n tạo.</p>\r\n\r\n<p>Điều n&agrave;y kh&ocirc;ng chỉ l&agrave;m tăng gi&aacute; trị của chiếc đồng hồ kim loại n&agrave;y m&agrave; c&ograve;n gi&uacute;p kh&iacute; chất của người chủ nh&acirc;n trở n&ecirc;n l&ocirc;i cuốn, tự tin hơn khi đeo sản phẩm tr&ecirc;n cổ tay.</p>\r\n\r\n<p><img alt=\"Thông tin chi tiết về chiếc đồng hồ nam Doxa D220SSV - Ảnh: 2\" src=\"https://cdn3.dhht.vn/wp-content/uploads/2020/07/Thong-tin-chi-tiet-ve-chiec-dong-ho-nam-Doxa-D220SSV-2.jpg\" /></p>\r\n\r\n<p><em>Những vi&ecirc;n kim cương thật c&ograve;n g&oacute;p phần l&agrave;m tăng gi&aacute; trị cho chiếc đồng hồ&nbsp; nam n&agrave;y</em></p>\r\n\r\n<p>&nbsp;</p>\r\n\r\n<p><strong><em>▶&nbsp;Họa tiết Guilloche nghệ thuật</em></strong></p>\r\n\r\n<p>Nhằm mục đ&iacute;ch tạo chiều s&acirc;u cho thiết kế mặt số v&agrave; trang tr&iacute; cho nền đồng hồ, Doxa D220SSV c&ograve;n được nh&agrave; sản xuất bố tr&iacute; th&ecirc;m sự xuất hiện của họa tiết Guilloche độc đ&aacute;o chia bề mặt sản phẩm ra l&agrave;m 2 l&ograve;ng: l&ograve;ng ngo&agrave;i v&agrave; l&ograve;ng trong.</p>\r\n\r\n<p>Cụ thể, l&ograve;ng ngo&agrave;i l&agrave; những đường tr&ograve;n đồng t&acirc;m với sự sắp xếp san s&aacute;t nhau, c&ograve;n l&ograve;ng trong l&agrave; sự xuất hiện của những đường cong theo một trật tự logic, mang đến cho người xem h&igrave;nh ảnh một đ&oacute;a hoa nhiều c&aacute;nh xuất ph&aacute;t từ t&acirc;m đồng hồ.</p>\r\n\r\n<p>Người d&ugrave;ng chỉ c&oacute; thể dễ d&agrave;ng t&igrave;m thấy họa tiết Guilloche n&agrave;y tr&ecirc;n những d&ograve;ng sản phẩm đắt tiền từ Thụy Sỹ, bởi kh&acirc;u chế t&aacute;c ch&uacute;ng rất tỉ mỉ v&agrave; tinh tế, y&ecirc;u cầu kỹ thuật v&agrave; m&aacute;y m&oacute;c phức tạp n&ecirc;n những phi&ecirc;n bản gi&aacute; rẻ thường kh&ocirc;ng đầu tư v&agrave;o họa tiết n&agrave;y.</p>\r\n\r\n<p><img alt=\"Thông tin chi tiết về chiếc đồng hồ nam Doxa D220SSV - Ảnh: 3\" src=\"https://cdn3.dhht.vn/wp-content/uploads/2020/07/Thong-tin-chi-tiet-ve-chiec-dong-ho-nam-Doxa-D220SSV-3.jpg\" /></p>\r\n\r\n<p><em>Dễ d&agrave;ng nhận thấy họa tiết Guilloch&eacute; v&ocirc; c&ugrave;ng phức tạp tr&ecirc;n mặt số đồng hồ</em></p>\r\n\r\n<p>&nbsp;</p>\r\n\r\n<p><strong><em>▶&nbsp;Vẫn l&agrave; mặt k&iacute;nh sapphire chống trầy thường thấy</em></strong></p>\r\n\r\n<p>Kh&ocirc;ng phải tự dưng m&agrave; k&iacute;nh saphire lại được c&aacute;c thương hiệu Thụy Sỹ từ b&igrave;nh d&acirc;n đến nổi tiếng chọn để trang bị cho c&aacute;c sản phẩm của m&igrave;nh. Nguy&ecirc;n nh&acirc;n nh&agrave; nhờ những ưu điểm nổi trội của&nbsp;<a href=\"https://donghohaitrieu.com/tin-tuc/dong-ho/toan-bo-su-that-ve-mat-kinh-sapphire-cua-dong-ho.html\" rel=\"noopener noreferrer\" target=\"_blank\">sapphire</a>&nbsp;so với c&aacute;c loại k&iacute;nh kh&aacute;c tr&ecirc;n thị trường, cụ thể:</p>\r\n\r\n<p>Khả năng hạn chế trầy xước cao, những va quẹt hằng ng&agrave;y giờ đ&acirc;y kh&ocirc;ng c&ograve;n l&agrave; vấn đề đ&aacute;ng quan ngại.</p>\r\n\r\n<p>Độ cứng tốt, chỉ đứng sau kim cương trong bảng xếp hạng Mohs.</p>\r\n\r\n<p>Đặc biệt đ&oacute; ch&iacute;nh l&agrave; sự hiển thị trong suốt, cho c&aacute;c chi tiết thời gian b&ecirc;n tr&ecirc;n mặt số được r&otilde; n&eacute;t hơn bao giờ hết.</p>\r\n\r\n<h3><strong>2. THIẾT KẾ D&Acirc;Y ĐEO ĐỒNG HỒ</strong></h3>\r\n\r\n<p>Doxa D220SSV l&agrave; chiếc đồng hồ kim loại cao cấp, ch&iacute;nh v&igrave; thế sản phẩm được chế t&aacute;c ho&agrave;n to&agrave;n bằng chất liệu&nbsp;<a href=\"https://donghohaitrieu.com/tin-tuc/dong-ho/thep-khong-gi-316l-la-gi-tai-sao-duoc-su-dung-trong-che-tac-dong-ho.html\" rel=\"noopener noreferrer\" target=\"_blank\">th&eacute;p kh&ocirc;ng gỉ 316L</a>, đem đến cho người d&ugrave;ng sự bền bỉ v&agrave; vẻ ngo&agrave;i s&aacute;ng b&oacute;ng c&ugrave;ng thời gian.&nbsp;</p>\r\n\r\n<p>Nguy&ecirc;n nh&acirc;n th&eacute;p kh&ocirc;ng gỉ được thương hiệu Doxa vận dụng triệt để v&agrave;o chế t&aacute;c đồng hồ l&agrave; nhờ:</p>\r\n\r\n<p>●&nbsp;Độ cứng cao n&ecirc;n hạn chế những hậu quả xấu để lại trong c&aacute;c trường hợp như va quẹt, rơi rớt sản phẩm.</p>\r\n\r\n<p>●&nbsp;Kh&ocirc;ng bị bong tr&oacute;c, xỉn m&agrave;u v&agrave; độ bền tốt, ch&iacute;nh v&igrave; thế m&agrave; người d&ugrave;ng kh&ocirc;ng cần phải tahy d&acirc;y thường xuy&ecirc;n như chất liệu d&acirc;y da.</p>\r\n\r\n<p>●&nbsp;Kh&ocirc;ng xuất hiện mồ h&ocirc;i kh&oacute; chịu khi tiếp x&uacute;c với nước v&agrave; m&ocirc;i trường ẩm ướt.</p>\r\n\r\n<p>●&nbsp;Dễ d&agrave;ng vệ sinh v&agrave; đặc biệt c&oacute; thể đ&aacute;nh b&oacute;ng để lấy lại vẻ đẹp nguy&ecirc;n thủy của sản phẩm.</p>\r\n\r\n<p><img alt=\"Thông tin chi tiết về chiếc đồng hồ nam Doxa D220SSV - Ảnh: 4\" src=\"https://cdn3.dhht.vn/wp-content/uploads/2020/07/Thong-tin-chi-tiet-ve-chiec-dong-ho-nam-Doxa-D220SSV-5.jpg\" /></p>\r\n\r\n<p><em>Bộ phận d&acirc;y đeo của&nbsp;Doxa D220SSV được chế t&aacute;c từ nhiều mắc x&iacute;ch nhỏ đan xem với nhau</em></p>\r\n\r\n<p><em>Trung Hiếu</em></p>\r\n', 0, '1629496798_anh10.jpg', 1700000, 2, 21, 3),
(18, 'EMPOR VARMANI', '<p>Empor varmani watch is a famous brand in the world with the high quality and automatic machine.</p>\r\n', '<h2><strong>TH&Ocirc;NG TIN CHI TIẾT VỀ CHIẾC ĐỒNG HỒ NAM DOXA D220SSV</strong></h2>\r\n\r\n<p>Tuy tr&igrave;nh l&agrave;ng từ kh&aacute; sớm, khoảng từ những năm 1889, thế nhưng c&aacute;i t&ecirc;n Doxa thực sự chỉ mới du nhập v&agrave;o Việt Nam trong thời gian gần đ&acirc;y, ch&iacute;nh v&igrave; thế m&agrave; kh&ocirc;ng tr&aacute;nh khỏi việc nhiều người chưa biết đến thương hiệu n&agrave;y.</p>\r\n\r\n<p>Theo đ&oacute;, Doxa l&agrave; một trong những h&atilde;ng sản xuất đồng hồ danh gi&aacute; v&agrave; ch&iacute;nh thống của Thụy Sỹ, c&oacute; lịch sử ph&aacute;t triển hơn 130 năm v&agrave; cũng l&agrave; c&aacute;i t&ecirc;n đi đầu trong việc sử dụng&nbsp;<a href=\"https://donghohaitrieu.com/tin-tuc/dong-ho/kim-cuong-la-gi-y-nghia-kim-cuong-trong-lam-an-phong-thuy.html\" rel=\"noopener noreferrer\" target=\"_blank\">kim cương</a>&nbsp;thật l&ecirc;n&nbsp;<a href=\"https://donghohaitrieu.com/dong-ho-deo-tay-chinh-hang\" rel=\"noopener noreferrer\" target=\"_blank\">đồng hồ đeo tay</a>.</p>\r\n\r\n<p>Những thiết kế của h&atilde;ng thường kh&ocirc;ng chạy theo xu hướng thời đại, mỗi sản phẩm đều mang đậm n&eacute;t đặc trưng ri&ecirc;ng của thương hiệu n&agrave;y. Đơn cử như phi&ecirc;n bản đồng hồ Doxa nam với số hiệu Doxa D220SSV dưới đ&acirc;y.</p>\r\n\r\n<p>&nbsp;</p>\r\n\r\n<p><img alt=\"Triển lãm đồng hồ lớn nhất thế giới Baselworld mất dần sức hấp dẫn | VTV.VN\" src=\"https://vtv1.mediacdn.vn/thumb_w/650/2018/3/23/dongho230318-15217821803561915207800.jpg\" /></p>\r\n\r\n<p>Nhấn để ph&oacute;ng to ảnh</p>\r\n\r\n<h3><strong>1. THIẾT KẾ MẶT SỐ ĐỒNG HỒ</strong></h3>\r\n\r\n<p>Thoạt nh&igrave;n, tưởng chừng như cỗ m&aacute;y thời gian n&agrave;y c&oacute; thiết kế đơn giản. Tuy nhi&ecirc;n, nếu quan s&aacute;t kỹ, bạn sẽ nhận ra rằng mỗi một chi tiết đều l&agrave; kh&acirc;u chế t&aacute;c v&ocirc; c&ugrave;ng kỳ c&ocirc;ng v&agrave; tỉ mỉ, cụ thể:</p>\r\n\r\n<p><strong><em>▶&nbsp;14 vi&ecirc;n kim cương gi&aacute; trị tr&ecirc;n&nbsp;<a href=\"https://donghohaitrieu.com/tin-tuc/dong-ho/nhan-biet-cac-kieu-mat-dong-ho-deo-tay-pho-bien-nhat-hien-nay.html\" rel=\"noopener noreferrer\" target=\"_blank\">mặt đồng hồ</a></em></strong></p>\r\n\r\n<p>Kh&ocirc;ng phải 6 vi&ecirc;n hay 8 vi&ecirc;n như thường thấy, chiếc&nbsp;<a href=\"https://donghohaitrieu.com/danh-muc/dong-ho-nam\" rel=\"noopener noreferrer\" target=\"_blank\">đồng hồ nam</a>&nbsp;Doxa D220SSV lần n&agrave;y được h&atilde;ng v&ocirc; c&ugrave;ng ưu &aacute;i khi trang bị số lượng kim cương tr&ecirc;n mặt số l&ecirc;n đến 14 vi&ecirc;n.</p>\r\n\r\n<p>Đặc biệt hơn, ngay hướng 6 giờ của sản phẩm c&ograve;n xuất hiện d&ograve;ng chữ &ldquo;Genuine Diamonds&rdquo; minh chứng cho việc tất cả những vi&ecirc;n kim cương n&agrave;y đều l&agrave; kim cương tự nhi&ecirc;n, tức l&agrave; ch&uacute;ng được khai th&aacute;c từ thi&ecirc;n nhi&ecirc;n, chứ kh&ocirc;ng phải loại kim cương được tổng hợp hay chế t&aacute;c nh&acirc;n tạo.</p>\r\n\r\n<p>Điều n&agrave;y kh&ocirc;ng chỉ l&agrave;m tăng gi&aacute; trị của chiếc đồng hồ kim loại n&agrave;y m&agrave; c&ograve;n gi&uacute;p kh&iacute; chất của người chủ nh&acirc;n trở n&ecirc;n l&ocirc;i cuốn, tự tin hơn khi đeo sản phẩm tr&ecirc;n cổ tay.</p>\r\n\r\n<p><img alt=\"Thông tin chi tiết về chiếc đồng hồ nam Doxa D220SSV - Ảnh: 2\" src=\"https://cdn3.dhht.vn/wp-content/uploads/2020/07/Thong-tin-chi-tiet-ve-chiec-dong-ho-nam-Doxa-D220SSV-2.jpg\" /></p>\r\n\r\n<p><em>Những vi&ecirc;n kim cương thật c&ograve;n g&oacute;p phần l&agrave;m tăng gi&aacute; trị cho chiếc đồng hồ&nbsp; nam n&agrave;y</em></p>\r\n\r\n<p>&nbsp;</p>\r\n\r\n<p><strong><em>▶&nbsp;Họa tiết Guilloche nghệ thuật</em></strong></p>\r\n\r\n<p>Nhằm mục đ&iacute;ch tạo chiều s&acirc;u cho thiết kế mặt số v&agrave; trang tr&iacute; cho nền đồng hồ, Doxa D220SSV c&ograve;n được nh&agrave; sản xuất bố tr&iacute; th&ecirc;m sự xuất hiện của họa tiết Guilloche độc đ&aacute;o chia bề mặt sản phẩm ra l&agrave;m 2 l&ograve;ng: l&ograve;ng ngo&agrave;i v&agrave; l&ograve;ng trong.</p>\r\n\r\n<p>Cụ thể, l&ograve;ng ngo&agrave;i l&agrave; những đường tr&ograve;n đồng t&acirc;m với sự sắp xếp san s&aacute;t nhau, c&ograve;n l&ograve;ng trong l&agrave; sự xuất hiện của những đường cong theo một trật tự logic, mang đến cho người xem h&igrave;nh ảnh một đ&oacute;a hoa nhiều c&aacute;nh xuất ph&aacute;t từ t&acirc;m đồng hồ.</p>\r\n\r\n<p>Người d&ugrave;ng chỉ c&oacute; thể dễ d&agrave;ng t&igrave;m thấy họa tiết Guilloche n&agrave;y tr&ecirc;n những d&ograve;ng sản phẩm đắt tiền từ Thụy Sỹ, bởi kh&acirc;u chế t&aacute;c ch&uacute;ng rất tỉ mỉ v&agrave; tinh tế, y&ecirc;u cầu kỹ thuật v&agrave; m&aacute;y m&oacute;c phức tạp n&ecirc;n những phi&ecirc;n bản gi&aacute; rẻ thường kh&ocirc;ng đầu tư v&agrave;o họa tiết n&agrave;y.</p>\r\n\r\n<p><img alt=\"Thông tin chi tiết về chiếc đồng hồ nam Doxa D220SSV - Ảnh: 3\" src=\"https://cdn3.dhht.vn/wp-content/uploads/2020/07/Thong-tin-chi-tiet-ve-chiec-dong-ho-nam-Doxa-D220SSV-3.jpg\" /></p>\r\n\r\n<p><em>Dễ d&agrave;ng nhận thấy họa tiết Guilloch&eacute; v&ocirc; c&ugrave;ng phức tạp tr&ecirc;n mặt số đồng hồ</em></p>\r\n\r\n<p>&nbsp;</p>\r\n\r\n<p><strong><em>▶&nbsp;Vẫn l&agrave; mặt k&iacute;nh sapphire chống trầy thường thấy</em></strong></p>\r\n\r\n<p>Kh&ocirc;ng phải tự dưng m&agrave; k&iacute;nh saphire lại được c&aacute;c thương hiệu Thụy Sỹ từ b&igrave;nh d&acirc;n đến nổi tiếng chọn để trang bị cho c&aacute;c sản phẩm của m&igrave;nh. Nguy&ecirc;n nh&acirc;n nh&agrave; nhờ những ưu điểm nổi trội của&nbsp;<a href=\"https://donghohaitrieu.com/tin-tuc/dong-ho/toan-bo-su-that-ve-mat-kinh-sapphire-cua-dong-ho.html\" rel=\"noopener noreferrer\" target=\"_blank\">sapphire</a>&nbsp;so với c&aacute;c loại k&iacute;nh kh&aacute;c tr&ecirc;n thị trường, cụ thể:</p>\r\n\r\n<p>Khả năng hạn chế trầy xước cao, những va quẹt hằng ng&agrave;y giờ đ&acirc;y kh&ocirc;ng c&ograve;n l&agrave; vấn đề đ&aacute;ng quan ngại.</p>\r\n\r\n<p>Độ cứng tốt, chỉ đứng sau kim cương trong bảng xếp hạng Mohs.</p>\r\n\r\n<p>Đặc biệt đ&oacute; ch&iacute;nh l&agrave; sự hiển thị trong suốt, cho c&aacute;c chi tiết thời gian b&ecirc;n tr&ecirc;n mặt số được r&otilde; n&eacute;t hơn bao giờ hết.</p>\r\n\r\n<h3><strong>2. THIẾT KẾ D&Acirc;Y ĐEO ĐỒNG HỒ</strong></h3>\r\n\r\n<p>Doxa D220SSV l&agrave; chiếc đồng hồ kim loại cao cấp, ch&iacute;nh v&igrave; thế sản phẩm được chế t&aacute;c ho&agrave;n to&agrave;n bằng chất liệu&nbsp;<a href=\"https://donghohaitrieu.com/tin-tuc/dong-ho/thep-khong-gi-316l-la-gi-tai-sao-duoc-su-dung-trong-che-tac-dong-ho.html\" rel=\"noopener noreferrer\" target=\"_blank\">th&eacute;p kh&ocirc;ng gỉ 316L</a>, đem đến cho người d&ugrave;ng sự bền bỉ v&agrave; vẻ ngo&agrave;i s&aacute;ng b&oacute;ng c&ugrave;ng thời gian.&nbsp;</p>\r\n\r\n<p>Nguy&ecirc;n nh&acirc;n th&eacute;p kh&ocirc;ng gỉ được thương hiệu Doxa vận dụng triệt để v&agrave;o chế t&aacute;c đồng hồ l&agrave; nhờ:</p>\r\n\r\n<p>●&nbsp;Độ cứng cao n&ecirc;n hạn chế những hậu quả xấu để lại trong c&aacute;c trường hợp như va quẹt, rơi rớt sản phẩm.</p>\r\n\r\n<p>●&nbsp;Kh&ocirc;ng bị bong tr&oacute;c, xỉn m&agrave;u v&agrave; độ bền tốt, ch&iacute;nh v&igrave; thế m&agrave; người d&ugrave;ng kh&ocirc;ng cần phải tahy d&acirc;y thường xuy&ecirc;n như chất liệu d&acirc;y da.</p>\r\n\r\n<p>●&nbsp;Kh&ocirc;ng xuất hiện mồ h&ocirc;i kh&oacute; chịu khi tiếp x&uacute;c với nước v&agrave; m&ocirc;i trường ẩm ướt.</p>\r\n\r\n<p>●&nbsp;Dễ d&agrave;ng vệ sinh v&agrave; đặc biệt c&oacute; thể đ&aacute;nh b&oacute;ng để lấy lại vẻ đẹp nguy&ecirc;n thủy của sản phẩm.</p>\r\n\r\n<p><img alt=\"Thông tin chi tiết về chiếc đồng hồ nam Doxa D220SSV - Ảnh: 4\" src=\"https://cdn3.dhht.vn/wp-content/uploads/2020/07/Thong-tin-chi-tiet-ve-chiec-dong-ho-nam-Doxa-D220SSV-5.jpg\" /></p>\r\n\r\n<p><em>Bộ phận d&acirc;y đeo của&nbsp;Doxa D220SSV được chế t&aacute;c từ nhiều mắc x&iacute;ch nhỏ đan xem với nhau</em></p>\r\n\r\n<p><em>Trung Hiếu</em></p>\r\n', 0, '1629496756_anh9.jpg', 3300000, 5, 23, 4),
(19, 'HENRY', '<p>Henry watch is a famous brand in the world with the high quality and automatic machine.</p>\r\n', '<h2><strong>TH&Ocirc;NG TIN CHI TIẾT VỀ CHIẾC ĐỒNG HỒ NAM DOXA D220SSV</strong></h2>\r\n\r\n<p>Tuy tr&igrave;nh l&agrave;ng từ kh&aacute; sớm, khoảng từ những năm 1889, thế nhưng c&aacute;i t&ecirc;n Doxa thực sự chỉ mới du nhập v&agrave;o Việt Nam trong thời gian gần đ&acirc;y, ch&iacute;nh v&igrave; thế m&agrave; kh&ocirc;ng tr&aacute;nh khỏi việc nhiều người chưa biết đến thương hiệu n&agrave;y.</p>\r\n\r\n<p>Theo đ&oacute;, Doxa l&agrave; một trong những h&atilde;ng sản xuất đồng hồ danh gi&aacute; v&agrave; ch&iacute;nh thống của Thụy Sỹ, c&oacute; lịch sử ph&aacute;t triển hơn 130 năm v&agrave; cũng l&agrave; c&aacute;i t&ecirc;n đi đầu trong việc sử dụng&nbsp;<a href=\"https://donghohaitrieu.com/tin-tuc/dong-ho/kim-cuong-la-gi-y-nghia-kim-cuong-trong-lam-an-phong-thuy.html\" rel=\"noopener noreferrer\" target=\"_blank\">kim cương</a>&nbsp;thật l&ecirc;n&nbsp;<a href=\"https://donghohaitrieu.com/dong-ho-deo-tay-chinh-hang\" rel=\"noopener noreferrer\" target=\"_blank\">đồng hồ đeo tay</a>.</p>\r\n\r\n<p>Những thiết kế của h&atilde;ng thường kh&ocirc;ng chạy theo xu hướng thời đại, mỗi sản phẩm đều mang đậm n&eacute;t đặc trưng ri&ecirc;ng của thương hiệu n&agrave;y. Đơn cử như phi&ecirc;n bản đồng hồ Doxa nam với số hiệu Doxa D220SSV dưới đ&acirc;y.</p>\r\n\r\n<p>&nbsp;</p>\r\n\r\n<p><img alt=\"Triển lãm đồng hồ lớn nhất thế giới Baselworld mất dần sức hấp dẫn | VTV.VN\" src=\"https://vtv1.mediacdn.vn/thumb_w/650/2018/3/23/dongho230318-15217821803561915207800.jpg\" /></p>\r\n\r\n<p>Nhấn để ph&oacute;ng to ảnh</p>\r\n\r\n<h3><strong>1. THIẾT KẾ MẶT SỐ ĐỒNG HỒ</strong></h3>\r\n\r\n<p>Thoạt nh&igrave;n, tưởng chừng như cỗ m&aacute;y thời gian n&agrave;y c&oacute; thiết kế đơn giản. Tuy nhi&ecirc;n, nếu quan s&aacute;t kỹ, bạn sẽ nhận ra rằng mỗi một chi tiết đều l&agrave; kh&acirc;u chế t&aacute;c v&ocirc; c&ugrave;ng kỳ c&ocirc;ng v&agrave; tỉ mỉ, cụ thể:</p>\r\n\r\n<p><strong><em>▶&nbsp;14 vi&ecirc;n kim cương gi&aacute; trị tr&ecirc;n&nbsp;<a href=\"https://donghohaitrieu.com/tin-tuc/dong-ho/nhan-biet-cac-kieu-mat-dong-ho-deo-tay-pho-bien-nhat-hien-nay.html\" rel=\"noopener noreferrer\" target=\"_blank\">mặt đồng hồ</a></em></strong></p>\r\n\r\n<p>Kh&ocirc;ng phải 6 vi&ecirc;n hay 8 vi&ecirc;n như thường thấy, chiếc&nbsp;<a href=\"https://donghohaitrieu.com/danh-muc/dong-ho-nam\" rel=\"noopener noreferrer\" target=\"_blank\">đồng hồ nam</a>&nbsp;Doxa D220SSV lần n&agrave;y được h&atilde;ng v&ocirc; c&ugrave;ng ưu &aacute;i khi trang bị số lượng kim cương tr&ecirc;n mặt số l&ecirc;n đến 14 vi&ecirc;n.</p>\r\n\r\n<p>Đặc biệt hơn, ngay hướng 6 giờ của sản phẩm c&ograve;n xuất hiện d&ograve;ng chữ &ldquo;Genuine Diamonds&rdquo; minh chứng cho việc tất cả những vi&ecirc;n kim cương n&agrave;y đều l&agrave; kim cương tự nhi&ecirc;n, tức l&agrave; ch&uacute;ng được khai th&aacute;c từ thi&ecirc;n nhi&ecirc;n, chứ kh&ocirc;ng phải loại kim cương được tổng hợp hay chế t&aacute;c nh&acirc;n tạo.</p>\r\n\r\n<p>Điều n&agrave;y kh&ocirc;ng chỉ l&agrave;m tăng gi&aacute; trị của chiếc đồng hồ kim loại n&agrave;y m&agrave; c&ograve;n gi&uacute;p kh&iacute; chất của người chủ nh&acirc;n trở n&ecirc;n l&ocirc;i cuốn, tự tin hơn khi đeo sản phẩm tr&ecirc;n cổ tay.</p>\r\n\r\n<p><img alt=\"Thông tin chi tiết về chiếc đồng hồ nam Doxa D220SSV - Ảnh: 2\" src=\"https://cdn3.dhht.vn/wp-content/uploads/2020/07/Thong-tin-chi-tiet-ve-chiec-dong-ho-nam-Doxa-D220SSV-2.jpg\" /></p>\r\n\r\n<p><em>Những vi&ecirc;n kim cương thật c&ograve;n g&oacute;p phần l&agrave;m tăng gi&aacute; trị cho chiếc đồng hồ&nbsp; nam n&agrave;y</em></p>\r\n\r\n<p>&nbsp;</p>\r\n\r\n<p><strong><em>▶&nbsp;Họa tiết Guilloche nghệ thuật</em></strong></p>\r\n\r\n<p>Nhằm mục đ&iacute;ch tạo chiều s&acirc;u cho thiết kế mặt số v&agrave; trang tr&iacute; cho nền đồng hồ, Doxa D220SSV c&ograve;n được nh&agrave; sản xuất bố tr&iacute; th&ecirc;m sự xuất hiện của họa tiết Guilloche độc đ&aacute;o chia bề mặt sản phẩm ra l&agrave;m 2 l&ograve;ng: l&ograve;ng ngo&agrave;i v&agrave; l&ograve;ng trong.</p>\r\n\r\n<p>Cụ thể, l&ograve;ng ngo&agrave;i l&agrave; những đường tr&ograve;n đồng t&acirc;m với sự sắp xếp san s&aacute;t nhau, c&ograve;n l&ograve;ng trong l&agrave; sự xuất hiện của những đường cong theo một trật tự logic, mang đến cho người xem h&igrave;nh ảnh một đ&oacute;a hoa nhiều c&aacute;nh xuất ph&aacute;t từ t&acirc;m đồng hồ.</p>\r\n\r\n<p>Người d&ugrave;ng chỉ c&oacute; thể dễ d&agrave;ng t&igrave;m thấy họa tiết Guilloche n&agrave;y tr&ecirc;n những d&ograve;ng sản phẩm đắt tiền từ Thụy Sỹ, bởi kh&acirc;u chế t&aacute;c ch&uacute;ng rất tỉ mỉ v&agrave; tinh tế, y&ecirc;u cầu kỹ thuật v&agrave; m&aacute;y m&oacute;c phức tạp n&ecirc;n những phi&ecirc;n bản gi&aacute; rẻ thường kh&ocirc;ng đầu tư v&agrave;o họa tiết n&agrave;y.</p>\r\n\r\n<p><img alt=\"Thông tin chi tiết về chiếc đồng hồ nam Doxa D220SSV - Ảnh: 3\" src=\"https://cdn3.dhht.vn/wp-content/uploads/2020/07/Thong-tin-chi-tiet-ve-chiec-dong-ho-nam-Doxa-D220SSV-3.jpg\" /></p>\r\n\r\n<p><em>Dễ d&agrave;ng nhận thấy họa tiết Guilloch&eacute; v&ocirc; c&ugrave;ng phức tạp tr&ecirc;n mặt số đồng hồ</em></p>\r\n\r\n<p>&nbsp;</p>\r\n\r\n<p><strong><em>▶&nbsp;Vẫn l&agrave; mặt k&iacute;nh sapphire chống trầy thường thấy</em></strong></p>\r\n\r\n<p>Kh&ocirc;ng phải tự dưng m&agrave; k&iacute;nh saphire lại được c&aacute;c thương hiệu Thụy Sỹ từ b&igrave;nh d&acirc;n đến nổi tiếng chọn để trang bị cho c&aacute;c sản phẩm của m&igrave;nh. Nguy&ecirc;n nh&acirc;n nh&agrave; nhờ những ưu điểm nổi trội của&nbsp;<a href=\"https://donghohaitrieu.com/tin-tuc/dong-ho/toan-bo-su-that-ve-mat-kinh-sapphire-cua-dong-ho.html\" rel=\"noopener noreferrer\" target=\"_blank\">sapphire</a>&nbsp;so với c&aacute;c loại k&iacute;nh kh&aacute;c tr&ecirc;n thị trường, cụ thể:</p>\r\n\r\n<p>Khả năng hạn chế trầy xước cao, những va quẹt hằng ng&agrave;y giờ đ&acirc;y kh&ocirc;ng c&ograve;n l&agrave; vấn đề đ&aacute;ng quan ngại.</p>\r\n\r\n<p>Độ cứng tốt, chỉ đứng sau kim cương trong bảng xếp hạng Mohs.</p>\r\n\r\n<p>Đặc biệt đ&oacute; ch&iacute;nh l&agrave; sự hiển thị trong suốt, cho c&aacute;c chi tiết thời gian b&ecirc;n tr&ecirc;n mặt số được r&otilde; n&eacute;t hơn bao giờ hết.</p>\r\n\r\n<h3><strong>2. THIẾT KẾ D&Acirc;Y ĐEO ĐỒNG HỒ</strong></h3>\r\n\r\n<p>Doxa D220SSV l&agrave; chiếc đồng hồ kim loại cao cấp, ch&iacute;nh v&igrave; thế sản phẩm được chế t&aacute;c ho&agrave;n to&agrave;n bằng chất liệu&nbsp;<a href=\"https://donghohaitrieu.com/tin-tuc/dong-ho/thep-khong-gi-316l-la-gi-tai-sao-duoc-su-dung-trong-che-tac-dong-ho.html\" rel=\"noopener noreferrer\" target=\"_blank\">th&eacute;p kh&ocirc;ng gỉ 316L</a>, đem đến cho người d&ugrave;ng sự bền bỉ v&agrave; vẻ ngo&agrave;i s&aacute;ng b&oacute;ng c&ugrave;ng thời gian.&nbsp;</p>\r\n\r\n<p>Nguy&ecirc;n nh&acirc;n th&eacute;p kh&ocirc;ng gỉ được thương hiệu Doxa vận dụng triệt để v&agrave;o chế t&aacute;c đồng hồ l&agrave; nhờ:</p>\r\n\r\n<p>●&nbsp;Độ cứng cao n&ecirc;n hạn chế những hậu quả xấu để lại trong c&aacute;c trường hợp như va quẹt, rơi rớt sản phẩm.</p>\r\n\r\n<p>●&nbsp;Kh&ocirc;ng bị bong tr&oacute;c, xỉn m&agrave;u v&agrave; độ bền tốt, ch&iacute;nh v&igrave; thế m&agrave; người d&ugrave;ng kh&ocirc;ng cần phải tahy d&acirc;y thường xuy&ecirc;n như chất liệu d&acirc;y da.</p>\r\n\r\n<p>●&nbsp;Kh&ocirc;ng xuất hiện mồ h&ocirc;i kh&oacute; chịu khi tiếp x&uacute;c với nước v&agrave; m&ocirc;i trường ẩm ướt.</p>\r\n\r\n<p>●&nbsp;Dễ d&agrave;ng vệ sinh v&agrave; đặc biệt c&oacute; thể đ&aacute;nh b&oacute;ng để lấy lại vẻ đẹp nguy&ecirc;n thủy của sản phẩm.</p>\r\n\r\n<p><img alt=\"Thông tin chi tiết về chiếc đồng hồ nam Doxa D220SSV - Ảnh: 4\" src=\"https://cdn3.dhht.vn/wp-content/uploads/2020/07/Thong-tin-chi-tiet-ve-chiec-dong-ho-nam-Doxa-D220SSV-5.jpg\" /></p>\r\n\r\n<p><em>Bộ phận d&acirc;y đeo của&nbsp;Doxa D220SSV được chế t&aacute;c từ nhiều mắc x&iacute;ch nhỏ đan xem với nhau</em></p>\r\n\r\n<p><em>Trung Hiếu</em></p>\r\n', 0, '1629496721_anh8.jpg', 1600000, 0, 26, 4),
(20, 'EMPOR VARMANI', '<p>Empor varmani watch is a famous brand in the world with the high quality and automatic machine.</p>\r\n', '<h2><strong>TH&Ocirc;NG TIN CHI TIẾT VỀ CHIẾC ĐỒNG HỒ NAM DOXA D220SSV</strong></h2>\r\n\r\n<p>Tuy tr&igrave;nh l&agrave;ng từ kh&aacute; sớm, khoảng từ những năm 1889, thế nhưng c&aacute;i t&ecirc;n Doxa thực sự chỉ mới du nhập v&agrave;o Việt Nam trong thời gian gần đ&acirc;y, ch&iacute;nh v&igrave; thế m&agrave; kh&ocirc;ng tr&aacute;nh khỏi việc nhiều người chưa biết đến thương hiệu n&agrave;y.</p>\r\n\r\n<p>Theo đ&oacute;, Doxa l&agrave; một trong những h&atilde;ng sản xuất đồng hồ danh gi&aacute; v&agrave; ch&iacute;nh thống của Thụy Sỹ, c&oacute; lịch sử ph&aacute;t triển hơn 130 năm v&agrave; cũng l&agrave; c&aacute;i t&ecirc;n đi đầu trong việc sử dụng&nbsp;<a href=\"https://donghohaitrieu.com/tin-tuc/dong-ho/kim-cuong-la-gi-y-nghia-kim-cuong-trong-lam-an-phong-thuy.html\" rel=\"noopener noreferrer\" target=\"_blank\">kim cương</a>&nbsp;thật l&ecirc;n&nbsp;<a href=\"https://donghohaitrieu.com/dong-ho-deo-tay-chinh-hang\" rel=\"noopener noreferrer\" target=\"_blank\">đồng hồ đeo tay</a>.</p>\r\n\r\n<p>Những thiết kế của h&atilde;ng thường kh&ocirc;ng chạy theo xu hướng thời đại, mỗi sản phẩm đều mang đậm n&eacute;t đặc trưng ri&ecirc;ng của thương hiệu n&agrave;y. Đơn cử như phi&ecirc;n bản đồng hồ Doxa nam với số hiệu Doxa D220SSV dưới đ&acirc;y.</p>\r\n\r\n<p>&nbsp;</p>\r\n\r\n<p><img alt=\"Triển lãm đồng hồ lớn nhất thế giới Baselworld mất dần sức hấp dẫn | VTV.VN\" src=\"https://vtv1.mediacdn.vn/thumb_w/650/2018/3/23/dongho230318-15217821803561915207800.jpg\" /></p>\r\n\r\n<p>Nhấn để ph&oacute;ng to ảnh</p>\r\n\r\n<h3><strong>1. THIẾT KẾ MẶT SỐ ĐỒNG HỒ</strong></h3>\r\n\r\n<p>Thoạt nh&igrave;n, tưởng chừng như cỗ m&aacute;y thời gian n&agrave;y c&oacute; thiết kế đơn giản. Tuy nhi&ecirc;n, nếu quan s&aacute;t kỹ, bạn sẽ nhận ra rằng mỗi một chi tiết đều l&agrave; kh&acirc;u chế t&aacute;c v&ocirc; c&ugrave;ng kỳ c&ocirc;ng v&agrave; tỉ mỉ, cụ thể:</p>\r\n\r\n<p><strong><em>▶&nbsp;14 vi&ecirc;n kim cương gi&aacute; trị tr&ecirc;n&nbsp;<a href=\"https://donghohaitrieu.com/tin-tuc/dong-ho/nhan-biet-cac-kieu-mat-dong-ho-deo-tay-pho-bien-nhat-hien-nay.html\" rel=\"noopener noreferrer\" target=\"_blank\">mặt đồng hồ</a></em></strong></p>\r\n\r\n<p>Kh&ocirc;ng phải 6 vi&ecirc;n hay 8 vi&ecirc;n như thường thấy, chiếc&nbsp;<a href=\"https://donghohaitrieu.com/danh-muc/dong-ho-nam\" rel=\"noopener noreferrer\" target=\"_blank\">đồng hồ nam</a>&nbsp;Doxa D220SSV lần n&agrave;y được h&atilde;ng v&ocirc; c&ugrave;ng ưu &aacute;i khi trang bị số lượng kim cương tr&ecirc;n mặt số l&ecirc;n đến 14 vi&ecirc;n.</p>\r\n\r\n<p>Đặc biệt hơn, ngay hướng 6 giờ của sản phẩm c&ograve;n xuất hiện d&ograve;ng chữ &ldquo;Genuine Diamonds&rdquo; minh chứng cho việc tất cả những vi&ecirc;n kim cương n&agrave;y đều l&agrave; kim cương tự nhi&ecirc;n, tức l&agrave; ch&uacute;ng được khai th&aacute;c từ thi&ecirc;n nhi&ecirc;n, chứ kh&ocirc;ng phải loại kim cương được tổng hợp hay chế t&aacute;c nh&acirc;n tạo.</p>\r\n\r\n<p>Điều n&agrave;y kh&ocirc;ng chỉ l&agrave;m tăng gi&aacute; trị của chiếc đồng hồ kim loại n&agrave;y m&agrave; c&ograve;n gi&uacute;p kh&iacute; chất của người chủ nh&acirc;n trở n&ecirc;n l&ocirc;i cuốn, tự tin hơn khi đeo sản phẩm tr&ecirc;n cổ tay.</p>\r\n\r\n<p><img alt=\"Thông tin chi tiết về chiếc đồng hồ nam Doxa D220SSV - Ảnh: 2\" src=\"https://cdn3.dhht.vn/wp-content/uploads/2020/07/Thong-tin-chi-tiet-ve-chiec-dong-ho-nam-Doxa-D220SSV-2.jpg\" style=\"height:409px; width:728px\" /></p>\r\n\r\n<p><em>Những vi&ecirc;n kim cương thật c&ograve;n g&oacute;p phần l&agrave;m tăng gi&aacute; trị cho chiếc đồng hồ&nbsp; nam n&agrave;y</em></p>\r\n\r\n<p>&nbsp;</p>\r\n\r\n<p><strong><em>▶&nbsp;Họa tiết Guilloche nghệ thuật</em></strong></p>\r\n\r\n<p>Nhằm mục đ&iacute;ch tạo chiều s&acirc;u cho thiết kế mặt số v&agrave; trang tr&iacute; cho nền đồng hồ, Doxa D220SSV c&ograve;n được nh&agrave; sản xuất bố tr&iacute; th&ecirc;m sự xuất hiện của họa tiết Guilloche độc đ&aacute;o chia bề mặt sản phẩm ra l&agrave;m 2 l&ograve;ng: l&ograve;ng ngo&agrave;i v&agrave; l&ograve;ng trong.</p>\r\n\r\n<p>Cụ thể, l&ograve;ng ngo&agrave;i l&agrave; những đường tr&ograve;n đồng t&acirc;m với sự sắp xếp san s&aacute;t nhau, c&ograve;n l&ograve;ng trong l&agrave; sự xuất hiện của những đường cong theo một trật tự logic, mang đến cho người xem h&igrave;nh ảnh một đ&oacute;a hoa nhiều c&aacute;nh xuất ph&aacute;t từ t&acirc;m đồng hồ.</p>\r\n\r\n<p>Người d&ugrave;ng chỉ c&oacute; thể dễ d&agrave;ng t&igrave;m thấy họa tiết Guilloche n&agrave;y tr&ecirc;n những d&ograve;ng sản phẩm đắt tiền từ Thụy Sỹ, bởi kh&acirc;u chế t&aacute;c ch&uacute;ng rất tỉ mỉ v&agrave; tinh tế, y&ecirc;u cầu kỹ thuật v&agrave; m&aacute;y m&oacute;c phức tạp n&ecirc;n những phi&ecirc;n bản gi&aacute; rẻ thường kh&ocirc;ng đầu tư v&agrave;o họa tiết n&agrave;y.</p>\r\n\r\n<p><img alt=\"Thông tin chi tiết về chiếc đồng hồ nam Doxa D220SSV - Ảnh: 3\" src=\"https://cdn3.dhht.vn/wp-content/uploads/2020/07/Thong-tin-chi-tiet-ve-chiec-dong-ho-nam-Doxa-D220SSV-3.jpg\" style=\"height:409px; width:728px\" /></p>\r\n\r\n<p><em>Dễ d&agrave;ng nhận thấy họa tiết Guilloch&eacute; v&ocirc; c&ugrave;ng phức tạp tr&ecirc;n mặt số đồng hồ</em></p>\r\n\r\n<p>&nbsp;</p>\r\n\r\n<p><strong><em>▶&nbsp;Vẫn l&agrave; mặt k&iacute;nh sapphire chống trầy thường thấy</em></strong></p>\r\n\r\n<p>Kh&ocirc;ng phải tự dưng m&agrave; k&iacute;nh saphire lại được c&aacute;c thương hiệu Thụy Sỹ từ b&igrave;nh d&acirc;n đến nổi tiếng chọn để trang bị cho c&aacute;c sản phẩm của m&igrave;nh. Nguy&ecirc;n nh&acirc;n nh&agrave; nhờ những ưu điểm nổi trội của&nbsp;<a href=\"https://donghohaitrieu.com/tin-tuc/dong-ho/toan-bo-su-that-ve-mat-kinh-sapphire-cua-dong-ho.html\" rel=\"noopener noreferrer\" target=\"_blank\">sapphire</a>&nbsp;so với c&aacute;c loại k&iacute;nh kh&aacute;c tr&ecirc;n thị trường, cụ thể:</p>\r\n\r\n<p>Khả năng hạn chế trầy xước cao, những va quẹt hằng ng&agrave;y giờ đ&acirc;y kh&ocirc;ng c&ograve;n l&agrave; vấn đề đ&aacute;ng quan ngại.</p>\r\n\r\n<p>Độ cứng tốt, chỉ đứng sau kim cương trong bảng xếp hạng Mohs.</p>\r\n\r\n<p>Đặc biệt đ&oacute; ch&iacute;nh l&agrave; sự hiển thị trong suốt, cho c&aacute;c chi tiết thời gian b&ecirc;n tr&ecirc;n mặt số được r&otilde; n&eacute;t hơn bao giờ hết.</p>\r\n\r\n<h3><strong>2. THIẾT KẾ D&Acirc;Y ĐEO ĐỒNG HỒ</strong></h3>\r\n\r\n<p>Doxa D220SSV l&agrave; chiếc đồng hồ kim loại cao cấp, ch&iacute;nh v&igrave; thế sản phẩm được chế t&aacute;c ho&agrave;n to&agrave;n bằng chất liệu&nbsp;<a href=\"https://donghohaitrieu.com/tin-tuc/dong-ho/thep-khong-gi-316l-la-gi-tai-sao-duoc-su-dung-trong-che-tac-dong-ho.html\" rel=\"noopener noreferrer\" target=\"_blank\">th&eacute;p kh&ocirc;ng gỉ 316L</a>, đem đến cho người d&ugrave;ng sự bền bỉ v&agrave; vẻ ngo&agrave;i s&aacute;ng b&oacute;ng c&ugrave;ng thời gian.&nbsp;</p>\r\n\r\n<p>Nguy&ecirc;n nh&acirc;n th&eacute;p kh&ocirc;ng gỉ được thương hiệu Doxa vận dụng triệt để v&agrave;o chế t&aacute;c đồng hồ l&agrave; nhờ:</p>\r\n\r\n<p>●&nbsp;Độ cứng cao n&ecirc;n hạn chế những hậu quả xấu để lại trong c&aacute;c trường hợp như va quẹt, rơi rớt sản phẩm.</p>\r\n\r\n<p>●&nbsp;Kh&ocirc;ng bị bong tr&oacute;c, xỉn m&agrave;u v&agrave; độ bền tốt, ch&iacute;nh v&igrave; thế m&agrave; người d&ugrave;ng kh&ocirc;ng cần phải tahy d&acirc;y thường xuy&ecirc;n như chất liệu d&acirc;y da.</p>\r\n\r\n<p>●&nbsp;Kh&ocirc;ng xuất hiện mồ h&ocirc;i kh&oacute; chịu khi tiếp x&uacute;c với nước v&agrave; m&ocirc;i trường ẩm ướt.</p>\r\n\r\n<p>●&nbsp;Dễ d&agrave;ng vệ sinh v&agrave; đặc biệt c&oacute; thể đ&aacute;nh b&oacute;ng để lấy lại vẻ đẹp nguy&ecirc;n thủy của sản phẩm.</p>\r\n\r\n<p><img alt=\"Thông tin chi tiết về chiếc đồng hồ nam Doxa D220SSV - Ảnh: 4\" src=\"https://cdn3.dhht.vn/wp-content/uploads/2020/07/Thong-tin-chi-tiet-ve-chiec-dong-ho-nam-Doxa-D220SSV-5.jpg\" style=\"height:409px; width:728px\" /></p>\r\n\r\n<p><em>Bộ phận d&acirc;y đeo của&nbsp;Doxa D220SSV được chế t&aacute;c từ nhiều mắc x&iacute;ch nhỏ đan xem với nhau</em></p>\r\n\r\n<p><em>Trung Hiếu</em></p>\r\n', 1, '1629496597_anh7.jpg', 2300000, 20, 23, 3);

-- --------------------------------------------------------

--
-- Table structure for table `rating`
--

CREATE TABLE `rating` (
  `id` int(11) NOT NULL,
  `product_id` int(11) NOT NULL,
  `star` int(11) NOT NULL
) ENGINE=InnoDB DEFAULT CHARSET=utf8;

--
-- Dumping data for table `rating`
--

INSERT INTO `rating` (`id`, `product_id`, `star`) VALUES
(23, 20, 5),
(24, 20, 5),
(25, 20, 1),
(26, 20, 3),
(27, 20, 2),
(28, 20, 1),
(29, 11, 5),
(30, 11, 5),
(31, 19, 4),
(32, 20, 2),
(33, 20, 5),
(34, 20, 5),
(35, 18, 2),
(36, 18, 3),
(37, 16, 1),
(38, 19, 2),
(39, 20, 4),
(40, 18, 3),
(41, 18, 1),
(42, 16, 1),
(43, 16, 4),
(44, 20, 3),
(45, 19, 3),
(46, 19, 3),
(47, 17, 1),
(48, 17, 2),
(49, 20, 4),
(50, 19, 3);

-- --------------------------------------------------------

--
-- Table structure for table `users`
--

CREATE TABLE `users` (
  `id` int(11) NOT NULL,
  `name` varchar(500) NOT NULL,
  `email` varchar(500) NOT NULL,
  `password` varchar(500) NOT NULL
) ENGINE=InnoDB DEFAULT CHARSET=utf8mb4;

--
-- Dumping data for table `users`
--

INSERT INTO `users` (`id`, `name`, `email`, `password`) VALUES
(1, 'Nguyễn Văn A', 'nva@gmail.com', '202cb962ac59075b964b07152d234b70'),
(2, 'Trần Trung Hiếu', 'tth@gmail.com', 'e10adc3949ba59abbe56e057f20f883e'),
(3, 'Phạm Thị Hòa', 'pth@gmail.com', 'e10adc3949ba59abbe56e057f20f883e'),
(4, 'Phan Minh Giang', 'pmg@gmail.com', 'e10adc3949ba59abbe56e057f20f883e'),
(5, 'Vũ Hoàng Yến', 'vhy@gmail.com', 'e10adc3949ba59abbe56e057f20f883e'),
(16, 'Hoàng Thị Thu Hà', 'htth@gmail.com', '202cb962ac59075b964b07152d234b70'),
(17, 'Nguyễn Văn Nam', 'nvn@gmail.com', '202cb962ac59075b964b07152d234b70'),
(24, 'Nguyễn Minh Phong', 'nmp@gmail.com', '202cb962ac59075b964b07152d234b70'),
(35, 'Trần Thúy Hiền', 'hien@gmail.com', '202cb962ac59075b964b07152d234b70');

--
-- Indexes for dumped tables
--

--
-- Indexes for table `categories`
--
ALTER TABLE `categories`
  ADD PRIMARY KEY (`id`);

--
-- Indexes for table `customers`
--
ALTER TABLE `customers`
  ADD PRIMARY KEY (`id`);

--
-- Indexes for table `fields`
--
ALTER TABLE `fields`
  ADD PRIMARY KEY (`id`);

--
-- Indexes for table `news`
--
ALTER TABLE `news`
  ADD PRIMARY KEY (`id`);

--
-- Indexes for table `orderdetails`
--
ALTER TABLE `orderdetails`
  ADD PRIMARY KEY (`id`);

--
-- Indexes for table `orders`
--
ALTER TABLE `orders`
  ADD PRIMARY KEY (`id`);

--
-- Indexes for table `products`
--
ALTER TABLE `products`
  ADD PRIMARY KEY (`id`);

--
-- Indexes for table `rating`
--
ALTER TABLE `rating`
  ADD PRIMARY KEY (`id`);

--
-- Indexes for table `users`
--
ALTER TABLE `users`
  ADD PRIMARY KEY (`id`);

--
-- AUTO_INCREMENT for dumped tables
--

--
-- AUTO_INCREMENT for table `categories`
--
ALTER TABLE `categories`
  MODIFY `id` int(11) NOT NULL AUTO_INCREMENT, AUTO_INCREMENT=27;

--
-- AUTO_INCREMENT for table `customers`
--
ALTER TABLE `customers`
  MODIFY `id` int(11) NOT NULL AUTO_INCREMENT, AUTO_INCREMENT=5;

--
-- AUTO_INCREMENT for table `fields`
--
ALTER TABLE `fields`
  MODIFY `id` int(11) NOT NULL AUTO_INCREMENT, AUTO_INCREMENT=10;

--
-- AUTO_INCREMENT for table `news`
--
ALTER TABLE `news`
  MODIFY `id` int(11) NOT NULL AUTO_INCREMENT, AUTO_INCREMENT=14;

--
-- AUTO_INCREMENT for table `orderdetails`
--
ALTER TABLE `orderdetails`
  MODIFY `id` int(11) NOT NULL AUTO_INCREMENT, AUTO_INCREMENT=40;

--
-- AUTO_INCREMENT for table `orders`
--
ALTER TABLE `orders`
  MODIFY `id` int(11) NOT NULL AUTO_INCREMENT, AUTO_INCREMENT=22;

--
-- AUTO_INCREMENT for table `products`
--
ALTER TABLE `products`
  MODIFY `id` int(11) NOT NULL AUTO_INCREMENT, AUTO_INCREMENT=29;

--
-- AUTO_INCREMENT for table `rating`
--
ALTER TABLE `rating`
  MODIFY `id` int(11) NOT NULL AUTO_INCREMENT, AUTO_INCREMENT=51;

--
-- AUTO_INCREMENT for table `users`
--
ALTER TABLE `users`
  MODIFY `id` int(11) NOT NULL AUTO_INCREMENT, AUTO_INCREMENT=36;
COMMIT;

/*!40101 SET CHARACTER_SET_CLIENT=@OLD_CHARACTER_SET_CLIENT */;
/*!40101 SET CHARACTER_SET_RESULTS=@OLD_CHARACTER_SET_RESULTS */;
/*!40101 SET COLLATION_CONNECTION=@OLD_COLLATION_CONNECTION */;
